Id,trans_hour,trans_day,trans_month,trans_year,category,upi_number,trans_amount,city,zip,fraud_risk,
1,16,19,7,2025,Entertainment,6778676432@okaxis,950.6,Delhi,821560,0,
2,4,14,6,2025,Shopping,7051162416@okaxis,1016.32,Vijayawada,853916,0,
3,20,21,11,2025,Food,9372280958@okpaytm,15000,Bengaluru,588991,1,
4,10,25,5,2025,Shopping,ipozxbnt@okicici,2368.98,Udaipur,503986,0,
5,19,27,2,2025,Entertainment,bhcpvwk@okaxis,2760.75,Mysore,324185,0,
6,8,24,4,2025,Transport,poenonlo@okkotak,2170.76,Dehradun,184683,0,
7,8,22,5,2025,Entertainment,8336296120@okhdfcbank,1337.71,Bhopal,776906,0,
8,16,28,8,2025,Food,rijsrsy@okhdfcbank,3704.85,Chennai,612435,0,
9,0,18,12,2025,Transport,8081416185@okhdfcbank,1980.37,Jaipur,564274,0,
10,11,2,4,2025,Transport,7527784829@okyesbank,2078.59,Mysore,568111,0,
11,9,25,9,2025,Transport,8855021452@okaxis,2002.94,Ahmedabad,542997,0,
12,11,9,7,2025,Utilities,6178636776@okhdfcbank,2264.82,Vijayawada,164981,0,
13,23,2,3,2025,Entertainment,zylznkw@okicici,3279.01,Amritsar,479297,0,
14,6,24,12,2025,Others,9225277601@okicici,1532.04,Udaipur,242713,0,
15,14,2,12,2025,Others,9100546758@oksbi,1328.19,Thiruvananthapuram,415983,0,
16,5,1,7,2025,Food,6228561872@oksbi,2321.18,Rajkot,488616,0,
17,21,7,6,2025,Food,kwshwzg@okhdfcbank,2102.22,Rajkot,412023,0,
18,6,22,3,2025,Utilities,9025396580@oksbi,1615.75,Thiruvananthapuram,612099,0,
19,23,22,3,2025,Utilities,6253534477@okicici,1667.65,Chennai,432717,0,
20,13,21,6,2025,Transport,xorimste@okpaytm,3500.21,Lucknow,131084,0,
21,23,12,12,2025,Food,8235756120@okyesbank,1874.53,Thiruvananthapuram,780029,0,
22,23,4,11,2025,Shopping,msawei@okaxis,2238.84,Lucknow,753821,0,
23,1,2,6,2025,Utilities,jmbmhxpt@okpaytm,1638.03,Ahmedabad,214037,0,
24,23,22,6,2025,Food,fujlct@okkotak,2544.88,Gurgaon,712555,0,
25,20,19,5,2025,Food,8173122191@okkotak,13000,Bhopal,176474,1,
26,14,10,5,2025,Others,fzbeldp@okaxis,3756.01,Gurgaon,275425,0,
27,14,14,6,2025,Transport,dnbtp@okaxis,2812.06,Goa,709878,0,
28,19,1,7,2025,Others,8440576830@okhdfcbank,3024.17,Pune,739631,0,
29,3,22,3,2025,Others,ekryqf@okaxis,2386.51,Lucknow,533318,0,
30,21,14,10,2025,Others,9368885482@okicici,3159.38,Gurgaon,209062,0,
31,20,13,10,2025,Utilities,lgqasf@oksbi,1508.59,Udaipur,542430,0,
32,5,11,12,2025,Utilities,6624521255@oksbi,2841.33,Vijayawada,680947,0,
33,11,20,3,2025,Transport,tskzhgx@okhdfcbank,1796.98,Jaipur,154016,0,
34,0,6,7,2025,Food,6357069478@okicici,2540.93,Kanpur,777971,0,
35,16,15,7,2025,Food,9237185991@okaxis,6000,Amritsar,178927,0,
36,4,28,7,2025,Utilities,6460282294@okyesbank,2238.01,Chennai,726287,0,
37,23,9,1,2025,Others,6061935629@okpaytm,3500,Hyderabad,698010,1,
38,1,12,12,2025,Food,7913389195@okicici,1763.73,Udaipur,670081,0,
39,18,5,7,2025,Others,vnqvw@okaxis,1976.18,Bhopal,232779,1,
40,2,20,8,2025,Food,6463512862@okicici,1825.84,Pune,424319,0,
41,2,20,2,2025,Transport,7421729056@okyesbank,2756.79,Gurgaon,530156,0,
42,20,7,1,2025,Transport,7149957519@okpaytm,700.8,Rajkot,731168,0,
43,11,1,11,2025,Transport,6704046314@okyesbank,2152.58,Udaipur,856343,0,
44,13,23,8,2025,Transport,8578023174@okkotak,2496.43,Indore,779771,0,
45,13,20,8,2025,Shopping,9309681917@okkotak,2428.61,Nagpur,832732,0,
46,13,22,5,2025,Others,8981605925@okhdfcbank,2677.72,Dehradun,144839,0,
47,13,10,12,2025,Transport,jkrmm@okkotak,1317.58,Nagpur,746873,0,
48,23,9,1,2025,Food,brexl@oksbi,881.37,Jaipur,576566,0,
49,8,20,7,2025,Others,6662274541@okicici,3956.01,Varanasi,441920,0,
50,3,12,4,2025,Utilities,9953016595@okpaytm,1816.61,Noida,684126,0,
51,8,9,5,2025,Entertainment,6813855784@oksbi,2753.2,Mysore,648241,0,
52,4,12,2,2025,Food,mygrdye@okpaytm,2592.47,Bhopal,487925,0,
53,6,13,5,2025,Utilities,soptzxf@okpaytm,2192.27,Thiruvananthapuram,776541,0,
54,20,16,7,2025,Shopping,mmlnc@oksbi,408.15,Varanasi,466139,0,
55,2,1,7,2025,Utilities,bsqwxfa@okicici,686.92,Chennai,180555,0,
56,18,12,8,2025,Shopping,9444912760@okyesbank,1638.91,Gurgaon,798456,0,
57,4,24,4,2025,Entertainment,6207745732@okpaytm,1922.23,Hyderabad,791117,1,
58,8,9,2,2025,Food,obnghcg@okicici,2872.66,Noida,590878,0,
59,7,27,9,2025,Utilities,vpczwpv@okyesbank,3131.33,Hyderabad,675285,0,
60,13,21,9,2025,Utilities,9869125365@okkotak,2527.38,Bhopal,544212,0,
61,10,4,10,2025,Food,ywvzln@okkotak,1762.51,Noida,406001,0,
62,2,23,3,2025,Utilities,7881237381@oksbi,1561.96,Dehradun,248442,0,
63,12,9,4,2025,Shopping,6000198627@okicici,2199.71,Ranchi,217690,0,
64,19,19,1,2025,Utilities,6681292335@okaxis,2402.78,Dehradun,606877,0,
65,5,13,9,2025,Others,6641863473@okicici,2364.64,Ranchi,390000,0,
66,9,26,10,2025,Utilities,8141915288@okicici,87.67,Goa,772190,0,
67,21,25,10,2025,Entertainment,baotb@okpaytm,2462.24,Delhi,291049,0,
68,14,20,3,2025,Utilities,mfmzr@okpaytm,13865,Kochi,535246,1,
69,20,2,3,2025,Entertainment,tprcgsjy@okkotak,1387.25,Thiruvananthapuram,457844,0,
70,3,8,4,2025,Utilities,hfxwn@oksbi,1981.55,Amritsar,799740,0,
71,12,7,12,2025,Others,8436096475@okpaytm,318.64,Amritsar,628534,1,
72,9,27,1,2025,Shopping,zuayzby@okpaytm,2973.47,Bengaluru,279426,0,
73,20,8,11,2025,Food,8500275900@okpaytm,2935.25,Kolkata,804214,0,
74,7,21,9,2025,Utilities,8728317026@okaxis,871.34,Indore,144187,0,
75,18,26,6,2025,Utilities,6175791549@oksbi,1330.58,Hyderabad,744227,0,
76,22,24,3,2025,Transport,9420226524@oksbi,2050.41,Visakhapatnam,447599,0,
77,6,10,5,2025,Others,kmswplq@okhdfcbank,228.27,Bhopal,620599,0,
78,2,27,2,2025,Utilities,mkougujf@okyesbank,1842.28,Goa,341257,0,
79,14,19,4,2025,Entertainment,8618607370@okhdfcbank,1529.34,Kanpur,266558,0,
80,3,25,10,2025,Others,8900994091@okaxis,2305.96,Delhi,637625,0,
81,10,18,9,2025,Entertainment,6784354085@okaxis,2657.2,Noida,347659,0,
82,2,2,1,2025,Shopping,7048132478@okhdfcbank,1354.98,Mysore,488683,0,
83,17,25,7,2025,Food,8729528675@okyesbank,2832.62,Varanasi,650668,0,
84,12,22,8,2025,Utilities,rstwi@okhdfcbank,1371.4,Thiruvananthapuram,627110,0,
85,21,24,10,2025,Transport,fqdqnv@okyesbank,2185,Udaipur,321097,0,
86,17,19,10,2025,Shopping,9775406624@oksbi,2900.02,Ahmedabad,733498,0,
87,23,28,5,2025,Entertainment,7429779397@okicici,2390.52,Mysore,816999,0,
88,11,27,12,2025,Food,9433755057@okhdfcbank,2383.85,Amritsar,152642,0,
89,13,20,3,2025,Food,7514128820@okpaytm,2362.63,Mysore,619453,0,
90,15,7,7,2025,Transport,7601563797@okyesbank,1769.65,Rajkot,853311,0,
91,17,12,7,2025,Utilities,vuofhgz@oksbi,938.26,Chennai,244972,1,
92,1,17,1,2025,Shopping,kucfeyut@okhdfcbank,1457.39,Nagpur,456718,0,
93,16,19,2,2025,Transport,efnwohqt@okaxis,2858.68,Noida,232695,0,
94,20,16,7,2025,Transport,acjmwdp@oksbi,2085.02,Chennai,817580,1,
95,22,6,11,2025,Shopping,6846050326@okpaytm,2126.56,Lucknow,652697,0,
96,0,19,3,2025,Food,daqyt@oksbi,2278.79,Mumbai,272099,0,
97,2,11,12,2025,Shopping,9531955924@oksbi,1205.99,Kochi,338848,0,
98,12,18,10,2025,Utilities,9240299068@okyesbank,1044.5,Kolkata,435218,0,
99,9,17,2,2025,Shopping,7859787423@oksbi,2560.65,Bengaluru,296632,0,
100,15,3,11,2025,Shopping,8388140052@oksbi,2245.46,Pune,716134,0,
101,17,11,2,2025,Utilities,cazvn@oksbi,1151.83,Jaipur,603908,0,
102,10,23,5,2025,Utilities,7902881312@okhdfcbank,2143.71,Gurgaon,150719,0,
103,9,17,7,2025,Transport,7501093051@okicici,1544.2,Mumbai,297134,1,
104,14,6,10,2025,Others,6531354344@oksbi,2396.94,Gurgaon,788660,0,
105,17,4,11,2025,Entertainment,tfsdj@okyesbank,634.78,Kolkata,249633,1,
106,16,9,7,2025,Others,9520624734@okpaytm,3221.69,Rajkot,455563,0,
107,1,9,8,2025,Food,8864021272@oksbi,2906.13,Rajkot,608941,0,
108,13,6,9,2025,Utilities,8804897805@okicici,2466.14,Mumbai,148776,0,
109,12,21,5,2025,Transport,7428151110@okhdfcbank,1,Indore,783555,0,
110,7,7,2,2025,Entertainment,qhvocuxi@okicici,1782.05,Kolkata,757821,0,
111,14,25,11,2025,Shopping,npcdy@okicici,2614.18,Visakhapatnam,672910,0,
112,11,26,2,2025,Shopping,7269803970@okhdfcbank,2490.52,Kolkata,171895,0,
113,10,22,1,2025,Others,6010815139@okkotak,1653.89,Udaipur,276417,0,
114,13,20,11,2025,Utilities,lxbou@okicici,1574.21,Amritsar,467692,0,
115,14,4,12,2025,Transport,6172450306@okicici,2019.65,Mumbai,509751,0,
116,12,26,2,2025,Entertainment,awsnxd@okkotak,2651.91,Ranchi,111811,0,
117,12,3,6,2025,Entertainment,7974133637@okyesbank,2299.86,Noida,137732,0,
118,4,26,7,2025,Shopping,7633705827@okpaytm,938.03,Dehradun,541314,0,
119,4,22,11,2025,Transport,xjdvyaiz@okaxis,172.36,Delhi,559554,0,
120,19,22,8,2025,Entertainment,7526431353@okyesbank,3380.55,Gurgaon,216493,0,
121,18,3,12,2025,Utilities,8911795385@okkotak,2773.13,Visakhapatnam,323984,0,
122,21,5,10,2025,Shopping,6643108860@okyesbank,3168.96,Noida,137219,0,
123,10,3,4,2025,Shopping,uouel@okyesbank,2142.03,Mysore,648370,0,
124,10,6,1,2025,Shopping,7377795245@okaxis,2638.68,Lucknow,605854,1,
125,4,13,2,2025,Utilities,8899275839@okicici,1119.62,Jaipur,680604,0,
126,19,9,10,2025,Food,ieoubrp@okkotak,2037.96,Pune,771273,0,
127,12,19,4,2025,Utilities,mfktrjf@okkotak,1882.45,Varanasi,500456,1,
128,22,26,5,2025,Entertainment,9916717066@okicici,3789.32,Thiruvananthapuram,334282,0,
129,17,2,7,2025,Entertainment,gahyfbso@okyesbank,1361.19,Rajkot,235567,0,
130,17,18,9,2025,Food,rzvshd@okaxis,1531.98,Bengaluru,348462,0,
131,22,11,6,2025,Utilities,nlcxoogl@oksbi,2211.27,Chennai,241037,0,
132,18,4,7,2025,Transport,iihwex@oksbi,2635.55,Thiruvananthapuram,660911,0,
133,8,12,3,2025,Shopping,9649218973@okhdfcbank,2382.09,Noida,836381,0,
134,22,3,10,2025,Others,7960686603@okpaytm,1997.3,Goa,300155,0,
135,21,17,7,2025,Transport,lctifwr@okhdfcbank,1799.23,Udaipur,325628,0,
136,9,20,12,2025,Others,xkegw@okkotak,2885.93,Hyderabad,412225,0,
137,22,8,3,2025,Entertainment,peuix@okpaytm,2507.03,Surat,439047,0,
138,2,25,7,2025,Entertainment,8092390417@okkotak,3918.6,Kanpur,828106,1,
139,20,20,5,2025,Transport,7665835944@okpaytm,2645.96,Indore,230573,0,
140,20,16,11,2025,Shopping,8900890885@okkotak,2301.93,Gurgaon,280868,0,
141,15,23,10,2025,Entertainment,7053026517@okkotak,2437.47,Lucknow,665824,0,
142,19,25,6,2025,Food,8390990858@okicici,2034.33,Jaipur,827745,0,
143,7,24,7,2025,Shopping,7185723748@okpaytm,1565.68,Mysore,626802,1,
144,19,15,7,2025,Utilities,ddvyc@okyesbank,986.56,Surat,514991,0,
145,21,13,2,2025,Utilities,9017374185@okhdfcbank,1819.41,Pune,445446,0,
146,5,13,12,2025,Others,zgofe@okicici,3327.18,Chennai,547836,0,
147,21,22,4,2025,Transport,8846413853@okaxis,1757.15,Rajkot,360552,0,
148,14,12,2,2025,Utilities,7606367147@oksbi,1584.44,Chennai,383477,0,
149,11,4,3,2025,Shopping,ufzkbm@oksbi,1872.13,Ranchi,862676,0,
150,4,28,3,2025,Shopping,acgsrqji@okhdfcbank,2052.45,Ranchi,842007,0,
151,0,11,6,2025,Entertainment,8030781811@okpaytm,2636.43,Mysore,866958,0,
152,16,28,3,2025,Utilities,eevyn@okyesbank,333.8,Varanasi,254121,0,
153,3,22,4,2025,Shopping,8135592563@okaxis,3231.72,Delhi,806677,0,
154,4,2,12,2025,Food,xghuwams@okkotak,1946.39,Bhopal,558963,1,
155,5,7,10,2025,Food,pucezp@oksbi,3455.94,Vijayawada,617171,0,
156,2,28,6,2025,Utilities,7200838809@okkotak,1106.26,Visakhapatnam,555010,0,
157,16,6,7,2025,Food,vsfyxkb@okkotak,3095.35,Mumbai,136966,0,
158,18,28,7,2025,Utilities,8013136398@okicici,2399.11,Kochi,505170,0,
159,7,20,4,2025,Shopping,8322101242@okpaytm,2160.24,Delhi,730759,0,
160,12,18,1,2025,Entertainment,fxaqnbxp@oksbi,1145.38,Kanpur,411087,0,
161,9,10,2,2025,Utilities,9588404264@okhdfcbank,3312.93,Mumbai,735615,0,
162,6,20,6,2025,Entertainment,egvmgul@oksbi,2646.34,Jaipur,277993,0,
163,16,26,7,2025,Food,6324792678@okkotak,23322,Gurgaon,773349,1,
164,20,6,4,2025,Utilities,avvcs@oksbi,3364.63,Madurai,750837,1,
165,14,9,12,2025,Utilities,xsoeztk@okicici,1000000,Ahmedabad,660625,1,
166,20,6,12,2025,Food,7727346646@oksbi,1389.61,Pune,671708,0,
167,8,25,7,2025,Transport,8088742730@oksbi,1365.54,Bhopal,182291,0,
168,13,12,4,2025,Transport,6624359877@okaxis,1674.85,Vijayawada,678715,0,
169,19,11,2,2025,Utilities,6435977916@okkotak,2397.28,Bhopal,807041,0,
170,14,16,9,2025,Entertainment,ghszbe@oksbi,2345.07,Indore,620103,1,
171,3,24,3,2025,Entertainment,mpoydagf@okicici,1844.32,Visakhapatnam,525042,0,
172,12,18,9,2025,Food,vuolfan@oksbi,2589.24,Kochi,325073,0,
173,1,3,5,2025,Others,vyexatwj@okkotak,1033.88,Ahmedabad,426770,0,
174,1,18,2,2025,Others,6778452113@oksbi,2454.59,Kanpur,407803,0,
175,9,17,12,2025,Utilities,9322239899@okhdfcbank,1925.76,Ranchi,202121,0,
176,8,13,9,2025,Food,7962669835@okaxis,1405.53,Udaipur,587390,1,
177,23,17,1,2025,Transport,neevs@okhdfcbank,1788.33,Dehradun,182837,0,
178,5,19,3,2025,Others,8333285018@okkotak,1949.39,Bhopal,325128,0,
179,5,25,10,2025,Transport,mnsggtg@oksbi,2486.69,Ranchi,211659,0,
180,4,9,6,2025,Transport,zltkoi@okicici,1783.68,Indore,204824,0,
181,19,22,12,2025,Transport,odzrhnrl@okaxis,901.59,Nagpur,146341,0,
182,17,6,8,2025,Entertainment,yezxxmc@oksbi,1472.37,Visakhapatnam,659563,0,
183,8,18,4,2025,Food,9096115064@okaxis,2772.55,Ranchi,716181,0,
184,22,15,7,2025,Utilities,6282094544@okkotak,3556.9,Indore,443011,1,
185,7,28,2,2025,Others,8285331068@okyesbank,1674.11,Indore,632911,0,
186,21,3,1,2025,Entertainment,9755143237@oksbi,1708.42,Lucknow,570077,0,
187,13,8,10,2025,Shopping,jpefy@okhdfcbank,1140.84,Delhi,459573,0,
188,19,15,5,2025,Others,7588245328@okpaytm,1440.98,Kolkata,363699,0,
189,5,19,12,2025,Utilities,6220209908@oksbi,2762.9,Lucknow,154649,0,
190,1,9,11,2025,Utilities,rvxkyviw@okpaytm,532.45,Delhi,305427,0,
191,11,24,3,2025,Utilities,mifanm@okpaytm,1191.77,Kanpur,175403,1,
192,17,1,6,2025,Food,6279454236@okhdfcbank,1135.94,Kochi,359828,0,
193,16,5,2,2025,Food,7497173804@okhdfcbank,1496.21,Amritsar,857475,0,
194,22,16,9,2025,Utilities,8185174128@okhdfcbank,1504.14,Mumbai,530206,0,
195,23,3,7,2025,Utilities,yafsm@okaxis,2960.66,Bhopal,386635,0,
196,16,21,7,2025,Utilities,9152336581@okyesbank,3664.59,Ahmedabad,690343,0,
197,0,10,5,2025,Transport,zjfyatel@oksbi,915.27,Noida,290513,0,0
198,5,4,6,2025,Transport,6680391369@okaxis,3233.56,Udaipur,470817,0,0
199,1,13,3,2025,Utilities,6311464229@okkotak,2751.38,Vijayawada,731635,0,0
200,9,1,1,2025,Entertainment,9438032136@okkotak,1983.54,Amritsar,368900,0,0
201,3,9,9,2025,Others,vxfaf@okicici,1585.61,Kolkata,334325,0,
202,2,22,7,2025,Food,sozyspzc@okyesbank,3740.58,Jaipur,863379,0,
203,19,1,7,2025,Entertainment,npqlrzm@okaxis,1787.16,Gurgaon,767133,0,
204,1,5,11,2025,Food,slgnjigw@okaxis,1967.77,Varanasi,745188,0,
205,19,24,7,2025,Shopping,tcfcys@okkotak,2250.87,Amritsar,689521,0,
206,5,10,11,2025,Utilities,fpykjr@okpaytm,3551.48,Indore,571542,0,
207,10,16,1,2025,Entertainment,9321996232@okyesbank,1349.35,Mysore,589100,0,
208,14,24,1,2025,Transport,9957616386@oksbi,2022.37,Rajkot,807550,0,
209,13,17,3,2025,Entertainment,ejwgy@okyesbank,3156.26,Thiruvananthapuram,464438,0,
210,20,7,7,2025,Food,7516157444@okaxis,2459.11,Madurai,779949,0,
211,14,8,2,2025,Transport,7504889354@okhdfcbank,2115.01,Ahmedabad,446025,0,
212,16,17,11,2025,Others,6665735430@okaxis,1307.47,Ranchi,759543,0,
213,16,17,4,2025,Transport,8666801003@okicici,1869.38,Hyderabad,265843,0,
214,15,14,5,2025,Utilities,8845989273@okpaytm,2542.81,Goa,157503,0,
215,4,2,2,2025,Food,9386187934@oksbi,1468.62,Indore,272930,0,
216,20,9,3,2025,Utilities,7951651598@okaxis,1797.98,Bhopal,200482,0,
217,17,9,1,2025,Shopping,9487588755@okhdfcbank,2652.84,Mumbai,593301,0,
218,13,9,7,2025,Others,9207645423@oksbi,2767.27,Goa,606876,0,
219,5,20,9,2025,Others,9830739202@okicici,1609.93,Amritsar,396463,0,
220,16,7,10,2025,Food,9440509268@oksbi,2188.75,Ahmedabad,258575,0,
221,12,2,1,2025,Entertainment,7493035978@oksbi,1597.87,Mumbai,246810,0,
222,19,4,12,2025,Food,lwnelbi@okhdfcbank,3454.46,Bengaluru,177057,0,
223,3,26,8,2025,Others,8938306252@okkotak,2333.04,Indore,113057,0,
224,4,4,9,2025,Others,6245414323@oksbi,2881.11,Vijayawada,258370,0,
225,20,27,3,2025,Food,vfpxtd@okaxis,2386.69,Thiruvananthapuram,709857,0,
226,5,13,2,2025,Others,oafbann@okicici,1619.33,Ranchi,747237,0,
227,11,18,8,2025,Utilities,zihnwb@okkotak,2469.19,Ahmedabad,721162,0,
228,21,13,3,2025,Utilities,gqqdk@okyesbank,1147.13,Thiruvananthapuram,178567,0,
229,12,1,6,2025,Entertainment,8040820490@okpaytm,1340.54,Amritsar,643870,0,
230,3,23,11,2025,Others,tlturr@okhdfcbank,39.15,Indore,684040,0,
231,21,18,2,2025,Utilities,6438271987@okyesbank,2239.16,Hyderabad,834539,0,
232,7,23,4,2025,Others,8011051448@okhdfcbank,2574.29,Mumbai,344801,0,
233,10,9,11,2025,Transport,8467953948@okaxis,2350.18,Hyderabad,328862,0,
234,19,7,1,2025,Others,6393428052@okhdfcbank,1,Pune,258990,0,
235,21,11,11,2025,Entertainment,9883890652@okyesbank,2676.26,Vijayawada,684388,0,
236,13,6,7,2025,Transport,bdorvwb@okkotak,1541.84,Dehradun,286533,0,
237,19,1,10,2025,Food,6440712754@okaxis,2322.96,Jaipur,303834,0,
238,12,28,11,2025,Transport,dinqkmak@okicici,1450.09,Bhopal,776359,0,
239,17,5,11,2025,Shopping,7583981074@okhdfcbank,2021.82,Lucknow,229301,0,
240,7,13,2,2025,Food,9484269214@oksbi,819.04,Hyderabad,662814,0,
241,15,4,3,2025,Shopping,cwnsv@okhdfcbank,1964.03,Thiruvananthapuram,694683,0,
242,10,28,4,2025,Food,oilouvtz@okyesbank,1646.05,Indore,365489,0,
243,20,19,3,2025,Transport,nlwdnkf@okyesbank,1953.39,Goa,849182,0,
244,5,18,4,2025,Food,6428281753@okhdfcbank,2388.83,Goa,525300,0,
245,16,21,12,2025,Shopping,7486479496@okicici,2431.59,Bengaluru,858639,0,
246,13,1,3,2025,Transport,9906119085@okicici,1256.73,Udaipur,607705,0,
247,2,12,11,2025,Entertainment,7919963428@okicici,1856.86,Delhi,678614,0,
248,19,9,4,2025,Entertainment,8964962703@okicici,1263.5,Ranchi,322414,0,
249,23,6,6,2025,Food,7155182436@okhdfcbank,2579.05,Bengaluru,326667,0,
250,14,9,6,2025,Transport,6416715268@okaxis,1635.75,Delhi,567935,0,
251,1,7,9,2025,Food,9530226560@okaxis,732.72,Bhopal,773415,0,
252,3,9,12,2025,Utilities,9128651336@okkotak,3456.06,Surat,740900,0,
253,8,1,8,2025,Food,7987034007@okyesbank,2553.85,Rajkot,403981,0,
254,0,21,12,2025,Others,7845123720@okhdfcbank,2608.41,Ranchi,263755,0,
255,23,8,1,2025,Others,8504974044@okicici,2139.21,Delhi,448273,0,
256,12,3,2,2025,Entertainment,8110232156@okaxis,1380.65,Surat,581358,0,
257,20,3,12,2025,Others,8151791954@okaxis,2610.96,Bhopal,813646,0,
258,4,6,1,2025,Entertainment,8250867882@okhdfcbank,1656.88,Chennai,567569,0,
259,2,10,3,2025,Others,9289480449@okicici,1512.46,Jaipur,216366,0,
260,1,13,8,2025,Shopping,7083669978@okhdfcbank,1708.19,Delhi,391386,0,
261,19,3,8,2025,Transport,8314088885@okicici,1969.62,Dehradun,424493,0,
262,22,6,8,2025,Food,vtabv@oksbi,1926.88,Surat,783552,0,
263,7,12,3,2025,Entertainment,mochakt@oksbi,2424.77,Dehradun,665475,0,
264,2,26,9,2025,Entertainment,ojxuajff@okyesbank,1633.15,Vijayawada,236675,0,
265,10,4,7,2025,Shopping,8041033809@oksbi,2538.69,Mysore,177978,0,
266,5,17,2,2025,Utilities,duglh@okkotak,1993.28,Rajkot,308658,0,
267,4,11,8,2025,Food,taqkowln@oksbi,1968.88,Bengaluru,444916,0,
268,10,11,8,2025,Shopping,rmlyf@oksbi,1316.62,Surat,804140,0,
269,2,26,1,2025,Entertainment,7715510953@oksbi,2191.39,Kochi,439289,0,
270,16,10,2,2025,Shopping,7146964929@okpaytm,3361.27,Mysore,294252,0,
271,21,2,9,2025,Entertainment,7616073254@okpaytm,2085.98,Noida,335714,0,
272,6,21,3,2025,Others,mchobyvt@okkotak,2832.76,Vijayawada,363786,0,
273,10,7,5,2025,Utilities,6460635433@oksbi,835.78,Jaipur,841378,0,
274,6,23,3,2025,Entertainment,7298783634@oksbi,2500.49,Gurgaon,605441,0,
275,18,4,10,2025,Entertainment,mrsrpom@okhdfcbank,1127.89,Delhi,173747,0,
276,10,10,11,2025,Utilities,dhqmh@okicici,793.3,Visakhapatnam,437933,0,
277,13,8,3,2025,Transport,9722006794@oksbi,2278.92,Lucknow,552384,1,
278,0,26,11,2025,Transport,sdhtk@okpaytm,2007.71,Goa,613866,0,
279,19,3,7,2025,Food,9285579523@oksbi,2093.6,Rajkot,773726,0,
280,12,25,10,2025,Others,8665813651@okhdfcbank,2119.33,Nagpur,550702,0,
281,11,5,6,2025,Others,8080048478@okhdfcbank,2093.01,Delhi,632807,0,
282,9,9,7,2025,Shopping,ofgyezk@okaxis,3602.51,Jaipur,198101,0,
283,2,26,9,2025,Food,9597540205@okpaytm,1048.66,Dehradun,533840,0,
284,1,27,12,2025,Utilities,exlglbcd@okhdfcbank,3591.49,Udaipur,495653,0,
285,14,7,12,2025,Shopping,8157084463@okpaytm,1971.61,Visakhapatnam,561766,0,
286,17,20,10,2025,Shopping,6905387264@okhdfcbank,2980.87,Nagpur,449516,0,
287,14,26,1,2025,Food,pnznntlu@okaxis,2976.54,Udaipur,129425,0,
288,15,18,3,2025,Shopping,xirffvnu@okkotak,849.47,Jaipur,118210,0,
289,11,8,8,2025,Others,toaznxrk@okyesbank,1190.71,Kanpur,160107,0,
290,14,24,4,2025,Others,9525760471@okpaytm,2955.39,Bengaluru,707424,0,
291,3,13,7,2025,Food,qmqhon@okpaytm,1238.06,Varanasi,459756,0,
292,15,28,3,2025,Others,njcnz@oksbi,2490.71,Delhi,501547,0,
293,3,26,3,2025,Others,ourlohto@okyesbank,1,Chennai,192894,0,
294,11,19,4,2025,Entertainment,swstpca@oksbi,2541.71,Indore,233251,0,
295,10,15,4,2025,Transport,6567935608@okkotak,2222.58,Mumbai,348193,0,
296,3,23,4,2025,Transport,9312674958@okkotak,2006.09,Hyderabad,318733,0,
297,16,5,11,2025,Transport,9224492640@okpaytm,1973.03,Bengaluru,739160,0,
298,9,19,3,2025,Transport,8793037820@okyesbank,3082.17,Kochi,429485,0,
299,5,1,7,2025,Transport,9077474207@oksbi,2038.58,Indore,805346,0,
300,12,11,4,2025,Others,8744949603@okicici,1672.4,Udaipur,494732,0,
301,12,12,8,2025,Shopping,yikmat@oksbi,3375.32,Visakhapatnam,216198,1,
302,1,26,12,2025,Entertainment,twrwn@okkotak,598.61,Delhi,209396,0,
303,20,26,6,2025,Others,urehkom@okhdfcbank,3829.22,Pune,143845,0,
304,1,5,12,2025,Utilities,9474882411@okpaytm,1337.78,Pune,730270,1,
305,5,5,12,2025,Transport,9519186598@okpaytm,2865.54,Pune,824936,0,
306,22,6,11,2025,Utilities,fduiwjq@okhdfcbank,1918.5,Thiruvananthapuram,115921,0,
307,21,13,6,2025,Shopping,8767848288@okpaytm,828.03,Udaipur,696853,0,
308,1,19,1,2025,Shopping,8561703789@okpaytm,1488.03,Thiruvananthapuram,542442,0,
309,11,12,8,2025,Others,8130423699@okyesbank,1134.09,Jaipur,414066,0,
310,17,15,9,2025,Transport,7284448488@okyesbank,1572.73,Rajkot,276565,0,
311,4,7,8,2025,Transport,mhmcbbx@oksbi,3047.6,Hyderabad,199770,0,
312,2,5,1,2025,Food,ncrduf@okpaytm,2094.71,Delhi,427164,0,
313,14,3,3,2025,Others,7566698484@okkotak,2269.32,Surat,723332,0,
314,14,18,2,2025,Food,8561383165@okkotak,2205.6,Vijayawada,808679,0,
315,22,14,8,2025,Others,kburzwsu@okicici,3259.37,Delhi,730734,0,
316,2,7,9,2025,Transport,9425373111@okyesbank,963.6,Hyderabad,538950,0,
317,9,26,11,2025,Transport,7112335957@oksbi,2054.19,Noida,618958,0,
318,20,12,3,2025,Utilities,8272651457@okhdfcbank,2035.31,Madurai,634362,0,
319,15,20,12,2025,Others,rlixcz@oksbi,2656.64,Lucknow,614441,0,
320,16,26,5,2025,Shopping,izgpasz@okaxis,2415.73,Varanasi,343991,0,
321,12,28,9,2025,Shopping,evrcmx@okhdfcbank,2666.19,Vijayawada,462040,0,
322,18,21,11,2025,Others,7214080131@okkotak,2568.91,Jaipur,362924,0,
323,7,2,4,2025,Utilities,9035456180@okicici,2802.31,Gurgaon,382340,0,
324,21,23,2,2025,Others,9207844252@okyesbank,2099.94,Bhopal,654448,0,
325,18,15,7,2025,Utilities,8742547753@okpaytm,2716.78,Delhi,571379,0,
326,4,9,12,2025,Entertainment,kvzbfn@oksbi,1412.81,Surat,311994,0,
327,6,19,7,2025,Others,fongaam@okyesbank,2131.49,Vijayawada,580881,0,
328,12,14,8,2025,Entertainment,yrfgx@okpaytm,3198.37,Lucknow,664083,0,
329,16,4,9,2025,Utilities,6552069661@okicici,1758.24,Lucknow,618019,0,
330,4,14,12,2025,Others,8747306722@okpaytm,2373.46,Jaipur,688785,0,
331,20,20,10,2025,Utilities,7927116619@okhdfcbank,2272.78,Jaipur,780008,0,
332,0,24,1,2025,Entertainment,6494196374@okicici,2056.37,Lucknow,293666,0,
333,10,24,3,2025,Shopping,6038352520@okaxis,2007.86,Thiruvananthapuram,127671,0,
334,10,25,2,2025,Entertainment,8035665541@okyesbank,1650.97,Madurai,497779,0,
335,4,21,8,2025,Entertainment,odgjmv@okyesbank,2642.75,Thiruvananthapuram,209472,0,
336,15,1,1,2025,Others,8899502307@okyesbank,1700.11,Rajkot,720751,0,
337,4,5,4,2025,Food,ctkfnowq@okhdfcbank,2469.55,Hyderabad,256325,0,
338,7,24,7,2025,Shopping,hbxef@okicici,743.27,Indore,299811,0,
339,16,4,1,2025,Shopping,8548400093@okhdfcbank,1479.65,Visakhapatnam,784266,0,
340,20,4,8,2025,Utilities,9590417056@okyesbank,3041.78,Chennai,659355,0,
341,1,17,4,2025,Others,usoydunk@okyesbank,1335.27,Ahmedabad,803520,0,
342,17,7,11,2025,Others,9475477411@okaxis,1707.68,Amritsar,488445,0,
343,8,16,9,2025,Others,7355084216@okkotak,1116.62,Bhopal,486959,0,
344,17,27,9,2025,Utilities,7592271778@oksbi,2064.55,Amritsar,290786,0,
345,11,12,2,2025,Food,7369961738@okaxis,1711.52,Dehradun,808815,0,
346,2,9,11,2025,Others,gbtwz@okicici,1,Pune,675952,0,
347,8,28,1,2025,Shopping,evrog@okhdfcbank,2166.49,Vijayawada,382660,0,
348,22,21,7,2025,Shopping,jhnom@okkotak,789.42,Bhopal,381298,0,
349,7,22,7,2025,Food,ivyvbvsa@okkotak,1711.24,Ranchi,173088,0,
350,6,2,7,2025,Transport,oempcfyq@okpaytm,1868.26,Udaipur,722638,0,
351,23,18,5,2025,Shopping,9000352980@okyesbank,2096.4,Mysore,404508,0,
352,16,25,6,2025,Food,6295218428@oksbi,1429.62,Nagpur,823312,0,
353,4,25,6,2025,Transport,8824182276@oksbi,1609.3,Lucknow,285762,0,
354,4,18,7,2025,Others,mbtnw@okkotak,2694.13,Thiruvananthapuram,601749,0,
355,18,22,3,2025,Entertainment,8326549472@okaxis,1647.03,Kolkata,621291,0,
356,16,3,3,2025,Shopping,ozpub@okhdfcbank,2323,Mysore,717437,0,
357,1,18,8,2025,Shopping,9045657305@okpaytm,2222.04,Ahmedabad,312301,0,
358,11,9,3,2025,Utilities,6234649170@okicici,258.8,Udaipur,466634,0,
359,20,8,6,2025,Shopping,7681287613@okaxis,2980.89,Madurai,264856,0,
360,19,27,12,2025,Utilities,7833637161@okicici,2919.87,Varanasi,205169,0,
361,20,17,9,2025,Utilities,fobvypd@okhdfcbank,2358.57,Kolkata,797449,0,
362,11,19,4,2025,Transport,aidnpncq@okaxis,1,Delhi,440588,0,
363,17,8,10,2025,Others,besjufya@okyesbank,1834.88,Kanpur,568842,0,
364,23,26,6,2025,Entertainment,6608689817@okhdfcbank,1155.45,Delhi,187864,0,
365,8,18,2,2025,Food,mwpqz@okicici,2596.01,Vijayawada,737150,0,
366,18,19,5,2025,Shopping,9433506078@okkotak,37.92,Varanasi,573050,0,
367,8,7,8,2025,Shopping,8089703202@okkotak,1963.3,Chennai,827309,0,
368,14,10,8,2025,Shopping,7620160547@oksbi,1106.82,Lucknow,514358,0,
369,17,25,6,2025,Transport,kutgluy@oksbi,1884,Amritsar,361310,0,
370,20,3,3,2025,Utilities,7433914879@okkotak,1905.46,Lucknow,346057,0,
371,16,26,4,2025,Others,xwdep@okyesbank,2599.54,Jaipur,699974,0,
372,22,2,1,2025,Food,8240860101@okicici,2183.85,Surat,584171,0,
373,12,2,6,2025,Shopping,6033284303@okkotak,1572.8,Ranchi,519931,0,
374,0,2,8,2025,Entertainment,bmjtug@okaxis,2356.1,Goa,252017,0,
375,3,27,2,2025,Others,pwyoaq@okpaytm,1758.35,Bhopal,747046,0,
376,4,25,11,2025,Shopping,pljft@okaxis,2385.49,Thiruvananthapuram,308908,0,
377,20,21,7,2025,Transport,7426986025@okicici,2497.56,Chennai,610718,0,
378,8,23,12,2025,Food,wkahnt@okkotak,1453.42,Chennai,817770,0,
379,9,4,8,2025,Food,9639551783@okaxis,1403.17,Pune,597364,0,
380,13,5,12,2025,Entertainment,6247119606@okkotak,483.84,Gurgaon,559465,0,
381,11,3,3,2025,Others,7858825359@okicici,2262.69,Chennai,497861,0,
382,20,2,2,2025,Transport,gbhykqz@okyesbank,514.56,Mysore,331971,0,
383,1,22,5,2025,Entertainment,7713868808@okpaytm,2639.71,Kanpur,382599,0,
384,22,22,3,2025,Transport,fwghu@okkotak,1866.49,Ahmedabad,720464,0,
385,19,27,1,2025,Others,cvyorj@okpaytm,3201.14,Varanasi,611076,0,
386,19,26,2,2025,Entertainment,mikqyqh@okyesbank,1782.8,Madurai,157617,0,
387,10,14,3,2025,Shopping,enkrr@okyesbank,985.46,Kochi,162249,0,
388,22,25,3,2025,Entertainment,6468015025@okpaytm,2726.76,Amritsar,135413,0,
389,21,22,11,2025,Transport,8316449984@okaxis,2780.02,Thiruvananthapuram,829758,0,
390,4,6,10,2025,Shopping,8351003353@okpaytm,3205.81,Nagpur,255723,0,
391,14,15,6,2025,Shopping,pmijkl@oksbi,1813.8,Kanpur,233049,0,
392,6,11,6,2025,Food,6894210697@okhdfcbank,1779.1,Mumbai,423986,0,
393,12,25,12,2025,Entertainment,6067941194@okaxis,2423.37,Mumbai,122628,0,
394,8,16,11,2025,Transport,6499829882@okpaytm,943.58,Dehradun,547449,0,
395,4,1,8,2025,Shopping,dfyxa@okaxis,1097.38,Vijayawada,678303,0,
396,14,6,11,2025,Transport,lpxasiv@okpaytm,1991.38,Mumbai,250215,1,
397,18,22,1,2025,Others,uodhe@okyesbank,1858.61,Goa,388720,0,
398,12,23,7,2025,Entertainment,6824867284@okyesbank,2003.7,Varanasi,628912,1,
399,8,27,3,2025,Transport,dcihfr@okyesbank,1095.74,Kochi,237452,0,
400,0,28,6,2025,Transport,9383668291@okicici,1525.97,Kolkata,550338,0,
401,1,16,1,2025,Shopping,eylzcnon@okkotak,3307.64,Pune,221236,0,
402,1,22,12,2025,Entertainment,8210604049@okicici,2182.89,Amritsar,617974,0,
403,15,8,2,2025,Shopping,7468769939@okyesbank,2611.84,Hyderabad,597802,0,
404,5,4,7,2025,Others,7718907962@okhdfcbank,2106.17,Ahmedabad,708925,0,
405,5,23,9,2025,Utilities,rwkkffgy@okyesbank,2986.26,Visakhapatnam,429403,0,
406,8,11,2,2025,Utilities,6292111433@okpaytm,2865.74,Ranchi,592395,0,
407,2,4,2,2025,Food,pbshl@oksbi,2322.41,Mysore,700210,0,
408,4,25,7,2025,Shopping,uneec@oksbi,692.87,Ranchi,822315,0,
409,17,25,8,2025,Food,9930855370@okpaytm,1832.36,Delhi,664339,0,
410,20,8,11,2025,Transport,6092565223@oksbi,1524.04,Hyderabad,641537,0,
411,17,21,6,2025,Entertainment,9963628462@okpaytm,1856.12,Goa,689929,0,
412,19,17,10,2025,Transport,7590081833@okaxis,675.99,Amritsar,411258,0,
413,8,15,12,2025,Entertainment,yjcjekle@okyesbank,2432.71,Jaipur,145676,0,
414,23,4,3,2025,Others,utrqvpc@okkotak,1990.42,Bhopal,403343,0,
415,23,1,1,2025,Others,9514755347@okaxis,3640.51,Noida,124369,0,
416,12,2,6,2025,Food,6325212328@okpaytm,2037.46,Mumbai,244869,0,
417,11,4,12,2025,Entertainment,7768395130@okicici,3348.68,Goa,687262,0,
418,19,6,2,2025,Others,8505445538@okicici,1856.1,Bengaluru,550459,0,
419,7,4,3,2025,Transport,6461213995@okaxis,5099.73,Pune,634268,0,
420,4,18,3,2025,Entertainment,9846600228@okpaytm,2712.96,Goa,121436,0,
421,16,21,4,2025,Shopping,ezwjy@okhdfcbank,2120.21,Nagpur,270252,0,
422,20,27,4,2025,Shopping,8061735516@okicici,1,Noida,757527,1,
423,8,10,12,2025,Utilities,8586365797@okicici,3644.89,Noida,611189,0,
424,1,16,9,2025,Shopping,8296817529@okhdfcbank,2744.64,Goa,111593,0,
425,22,11,8,2025,Transport,6243895305@okhdfcbank,2139.64,Udaipur,428524,0,
426,8,8,4,2025,Utilities,9499824154@okaxis,2773.84,Pune,548403,0,
427,22,12,3,2025,Others,7994602401@okyesbank,1136.1,Madurai,320756,0,
428,4,14,12,2025,Transport,zfmydif@okyesbank,1682.99,Bhopal,461136,0,
429,18,23,5,2025,Shopping,7551282490@okpaytm,622.98,Vijayawada,211242,0,
430,14,12,2,2025,Transport,eesdipm@okaxis,962.39,Dehradun,512873,0,
431,6,18,3,2025,Transport,8740576069@okaxis,943.77,Hyderabad,610443,0,
432,3,11,12,2025,Utilities,6020935550@okicici,2068.59,Gurgaon,436395,0,
433,10,13,5,2025,Transport,soaia@okpaytm,668.27,Pune,638543,0,
434,5,27,11,2025,Transport,nbmisrlg@okhdfcbank,2517.64,Surat,230144,0,
435,9,27,12,2025,Others,9416628434@okpaytm,685.61,Indore,751778,0,
436,2,13,9,2025,Entertainment,rocugdd@okkotak,1649.78,Bhopal,855986,0,
437,2,1,3,2025,Shopping,uytxccbe@okicici,2010.48,Nagpur,146761,0,
438,20,13,3,2025,Entertainment,nydbdyq@okkotak,1136.79,Chennai,516258,0,
439,5,26,12,2025,Shopping,9082049480@okyesbank,1997.41,Mysore,138985,0,
440,7,21,6,2025,Transport,esybsd@okhdfcbank,2170.5,Rajkot,746734,0,
441,10,6,4,2025,Utilities,fxqwb@okkotak,2393.8,Dehradun,117260,0,
442,0,5,1,2025,Others,7482855487@okpaytm,2717.31,Indore,759005,0,
443,13,11,2,2025,Transport,6047358592@okpaytm,2010.02,Bengaluru,677759,0,
444,2,25,10,2025,Food,6317045738@okhdfcbank,1669.66,Udaipur,295360,0,
445,22,26,9,2025,Others,thiid@okpaytm,2567.3,Visakhapatnam,241375,0,
446,0,5,1,2025,Utilities,9107919970@okkotak,1392.68,Thiruvananthapuram,675733,0,
447,4,13,6,2025,Utilities,8158028871@oksbi,3621.97,Indore,402970,0,
448,3,28,2,2025,Food,ncabcp@okpaytm,3541.38,Nagpur,755875,0,
449,15,15,11,2025,Others,9481221557@okaxis,3018.13,Ahmedabad,762670,0,
450,2,26,10,2025,Shopping,9142689431@oksbi,1450.9,Noida,701029,0,
451,22,19,10,2025,Entertainment,6811068281@okaxis,1316.37,Ahmedabad,584433,0,
452,4,17,6,2025,Food,lajsr@okicici,1637.89,Nagpur,430085,0,
453,9,9,10,2025,Utilities,7275028232@oksbi,1659.55,Bhopal,263942,0,
454,8,22,5,2025,Entertainment,9441978889@oksbi,1797.08,Vijayawada,713046,0,
455,21,17,3,2025,Food,6228537004@okkotak,1008.23,Bhopal,196057,0,
456,14,11,8,2025,Entertainment,9358617894@okicici,2026.17,Goa,244161,0,
457,21,11,8,2025,Utilities,nmihv@oksbi,1749.86,Gurgaon,445206,0,
458,18,6,2,2025,Transport,mzcfs@okaxis,1433.78,Kochi,170776,0,
459,6,3,11,2025,Others,fzkimom@okyesbank,1784.46,Kanpur,467001,0,
460,2,13,11,2025,Entertainment,pqplum@okkotak,4124.04,Rajkot,326566,0,
461,22,10,8,2025,Food,9484842608@okkotak,2208.53,Mysore,608731,0,
462,6,12,2,2025,Shopping,lflnxuxq@okpaytm,1718,Ahmedabad,322430,0,
463,10,7,5,2025,Others,wamcbw@okaxis,2697.49,Thiruvananthapuram,266035,0,
464,23,6,8,2025,Entertainment,7959607252@oksbi,1851.35,Ranchi,427582,0,
465,16,27,1,2025,Entertainment,7547636964@okyesbank,2411.53,Chennai,136725,0,
466,22,23,11,2025,Entertainment,7804436209@okaxis,1413.47,Amritsar,491762,0,
467,14,5,10,2025,Shopping,mchlzakl@okicici,2950.51,Varanasi,621663,0,
468,2,19,7,2025,Food,7014632921@okaxis,1610.65,Bengaluru,738861,0,
469,22,18,12,2025,Others,8605508040@okicici,3177.36,Bhopal,797231,0,
470,5,20,10,2025,Transport,8022125253@okaxis,2095.96,Dehradun,441977,0,
471,4,25,12,2025,Food,figim@okyesbank,3222.96,Mumbai,407693,0,
472,17,26,8,2025,Transport,6258877637@okhdfcbank,1587.72,Visakhapatnam,579997,0,
473,0,21,11,2025,Food,6005715617@okaxis,1997.07,Jaipur,465319,0,
474,6,23,9,2025,Transport,uatelad@oksbi,1861.03,Kochi,548596,0,
475,5,27,7,2025,Entertainment,6256490125@okkotak,1881.64,Indore,485859,0,
476,5,28,8,2025,Shopping,akficba@okhdfcbank,2563.8,Mumbai,698074,0,
477,22,13,7,2025,Transport,9279146700@okicici,1739.69,Visakhapatnam,496381,0,
478,14,6,2,2025,Shopping,hhrieo@okyesbank,1162.63,Pune,510918,0,
479,8,11,8,2025,Shopping,9006337545@okicici,2113.81,Pune,127612,0,
480,13,11,4,2025,Shopping,7293095944@oksbi,1902.2,Lucknow,469402,0,
481,6,22,10,2025,Others,8548609716@okicici,2253.26,Kanpur,401839,0,
482,8,27,4,2025,Shopping,6592282969@okaxis,1988.31,Nagpur,270835,0,
483,10,1,4,2025,Others,bppfs@oksbi,2090.77,Lucknow,218959,0,
484,19,23,3,2025,Shopping,6668066677@okicici,3286.96,Nagpur,411801,0,
485,7,25,10,2025,Food,6382712184@okkotak,2078.64,Madurai,199783,1,
486,4,28,7,2025,Entertainment,8967379661@okhdfcbank,2711.53,Ranchi,266412,0,
487,18,23,12,2025,Utilities,7600804208@okaxis,2609.63,Pune,754227,0,
488,13,8,6,2025,Utilities,8849344820@okaxis,3188.29,Pune,866466,0,
489,6,4,2,2025,Others,7625352792@okaxis,2164.63,Goa,695424,0,
490,5,16,3,2025,Shopping,wzeagnwj@okaxis,1946.25,Noida,801830,0,
491,4,21,4,2025,Utilities,9027874769@okhdfcbank,2585.45,Ranchi,827731,0,
492,6,11,8,2025,Transport,7143232609@okaxis,1926.19,Mysore,225135,0,
493,4,24,3,2025,Transport,lmwvcf@okaxis,3077.67,Goa,716191,0,
494,11,3,11,2025,Others,kzhtbrlk@okaxis,1910.47,Kanpur,638319,0,
495,2,5,5,2025,Utilities,luhthqg@okkotak,3049.49,Bengaluru,808227,0,
496,11,5,5,2025,Food,gkrzju@okaxis,2257.22,Chennai,570081,0,
497,13,18,4,2025,Utilities,8993967426@okhdfcbank,1519.64,Hyderabad,313064,0,
498,3,5,1,2025,Transport,7411956110@okyesbank,31.94,Thiruvananthapuram,649661,0,
499,7,26,2,2025,Others,mmgabsqc@okhdfcbank,1978.69,Dehradun,447673,0,
500,12,7,12,2025,Transport,7641212869@okpaytm,1691.22,Goa,661606,1,
501,21,21,5,2025,Shopping,fhawl@okyesbank,1210.01,Thiruvananthapuram,389210,0,
502,13,13,9,2025,Transport,8385707656@okicici,3123.41,Visakhapatnam,509369,0,
503,20,21,5,2025,Entertainment,7626545199@okicici,1591.97,Ahmedabad,436888,0,
504,23,6,7,2025,Shopping,mqdzrj@okaxis,1045.1,Amritsar,777880,0,
505,19,1,12,2025,Shopping,9103071933@okyesbank,1088.93,Visakhapatnam,787195,0,
506,5,23,8,2025,Transport,7047971699@okpaytm,1427.27,Varanasi,754095,0,
507,18,22,11,2025,Utilities,9587073144@okaxis,3105.86,Vijayawada,166919,0,
508,22,24,6,2025,Transport,tupcs@okkotak,1411.88,Nagpur,493225,0,
509,20,7,8,2025,Food,xgdhj@okaxis,1473.92,Kolkata,794192,0,
510,12,9,10,2025,Shopping,8182914309@oksbi,1785.84,Goa,517835,0,
511,3,20,4,2025,Entertainment,6398331002@okkotak,2484.34,Gurgaon,193105,0,
512,21,6,9,2025,Shopping,xipdzvg@okaxis,1858.55,Noida,274837,0,
513,6,2,9,2025,Food,7271542452@okkotak,1938.87,Surat,603005,0,
514,20,12,8,2025,Transport,9626442720@okpaytm,2478.39,Delhi,759273,1,
515,0,26,6,2025,Others,srkejx@okkotak,2497.52,Rajkot,179261,0,
516,8,27,6,2025,Shopping,7068927479@okicici,1008.2,Indore,495333,0,
517,2,6,3,2025,Shopping,vlsflan@okkotak,897.59,Udaipur,807773,0,
518,17,1,7,2025,Others,7327618014@okhdfcbank,1014.95,Chennai,308154,0,
519,17,6,7,2025,Shopping,9819501240@oksbi,2097.55,Varanasi,651595,0,
520,17,25,2,2025,Shopping,qrwfot@okaxis,1,Thiruvananthapuram,455955,0,
521,14,20,12,2025,Food,ywjzo@okicici,1357.04,Hyderabad,642311,0,
522,21,14,2,2025,Food,wwgirxo@okyesbank,1836.38,Kolkata,131042,0,
523,6,27,6,2025,Utilities,dnxxzf@okkotak,1384.76,Goa,441271,0,
524,21,20,10,2025,Transport,nlhokw@okicici,2400.31,Surat,529070,0,
525,23,16,5,2025,Shopping,tosou@okhdfcbank,861.82,Pune,596355,0,
526,1,27,10,2025,Transport,pbdrc@oksbi,2082.39,Thiruvananthapuram,567882,0,
527,13,14,9,2025,Food,bicmywxp@okaxis,1907.32,Noida,389236,0,
528,9,12,11,2025,Entertainment,8126556560@okaxis,2639.17,Jaipur,553921,0,
529,17,6,10,2025,Others,6157124762@okkotak,1013.59,Amritsar,482775,0,
530,13,23,11,2025,Entertainment,gcxayyjb@okhdfcbank,2324.08,Nagpur,430989,0,
531,7,20,4,2025,Entertainment,cibhclja@okaxis,1648.98,Bhopal,144961,0,
532,3,3,2,2025,Utilities,9985753849@okyesbank,3302.45,Pune,566700,0,
533,13,16,6,2025,Utilities,leeic@okicici,2281.53,Hyderabad,821688,0,
534,20,14,10,2025,Entertainment,9182004462@okaxis,2397.36,Vijayawada,613767,0,
535,6,11,8,2025,Others,poaxrh@okyesbank,2610.98,Madurai,802644,0,
536,6,19,1,2025,Others,7756512704@okicici,2634.48,Nagpur,558579,0,
537,10,25,2,2025,Transport,7820093400@okaxis,3223.48,Vijayawada,674616,0,
538,7,5,9,2025,Transport,9017083404@okpaytm,2224.37,Indore,831036,1,
539,2,5,8,2025,Others,qmlvebwm@okpaytm,810.05,Gurgaon,649845,0,
540,6,6,9,2025,Shopping,6668898803@okpaytm,999.32,Ahmedabad,299512,0,
541,21,7,1,2025,Shopping,6679389301@okyesbank,2498.55,Varanasi,801833,0,
542,8,8,12,2025,Transport,bvwtzu@okyesbank,1518.49,Chennai,767227,0,
543,11,19,7,2025,Food,wydvndu@okyesbank,3055.2,Rajkot,543126,1,
544,22,27,10,2025,Shopping,faaqfj@okhdfcbank,2343.46,Hyderabad,123765,0,
545,17,22,3,2025,Entertainment,8846792365@okhdfcbank,992.66,Dehradun,750283,0,
546,12,1,11,2025,Shopping,ritic@oksbi,2750.05,Lucknow,286670,0,
547,4,1,12,2025,Others,ataajtjv@okicici,1410.37,Kanpur,579021,0,
548,5,26,5,2025,Utilities,xcfueff@okyesbank,1059.33,Gurgaon,717841,0,
549,5,1,6,2025,Shopping,fsorkn@okicici,2095.77,Bhopal,539608,0,
550,23,6,3,2025,Transport,8456507348@okhdfcbank,1297.53,Udaipur,391271,0,
551,21,26,2,2025,Shopping,6792133487@okaxis,1839.91,Jaipur,399095,0,
552,8,20,6,2025,Food,wfaby@okpaytm,1833.57,Visakhapatnam,298634,0,
553,18,6,9,2025,Utilities,8705572649@okhdfcbank,169.17,Pune,372385,0,
554,10,25,10,2025,Utilities,9404521282@oksbi,3343.86,Delhi,799114,1,
555,22,5,8,2025,Others,8427004280@okicici,1718.83,Thiruvananthapuram,285674,0,
556,0,13,12,2025,Entertainment,otbaud@okyesbank,2178.54,Gurgaon,360254,0,
557,17,4,9,2025,Food,ajkig@okpaytm,2565.46,Mysore,252504,0,
558,11,7,3,2025,Others,madvh@okkotak,2348.05,Hyderabad,261394,0,
559,14,20,6,2025,Transport,8956505694@okkotak,1427.87,Gurgaon,383709,0,
560,18,7,1,2025,Transport,8000604993@okhdfcbank,582.21,Bengaluru,282923,0,
561,10,26,1,2025,Transport,8320156547@okpaytm,2493.4,Delhi,234712,0,
562,13,2,9,2025,Shopping,6090361279@okaxis,3424.12,Vijayawada,558758,1,
563,1,8,6,2025,Entertainment,mmvtokm@oksbi,1863.1,Ahmedabad,785412,0,
564,9,17,9,2025,Entertainment,8979243067@okhdfcbank,1091.22,Udaipur,685540,0,
565,10,25,2,2025,Transport,ejrvgqq@okhdfcbank,1530.26,Noida,434069,0,
566,17,16,5,2025,Others,horcpbk@okicici,1875.48,Dehradun,504732,0,
567,3,13,7,2025,Entertainment,6023125073@okpaytm,3393.33,Rajkot,255523,0,
568,5,25,5,2025,Food,8007058700@okyesbank,1373.95,Noida,847800,0,
569,0,6,1,2025,Transport,8019690660@okhdfcbank,736.91,Varanasi,583172,0,
570,9,5,5,2025,Transport,7309717055@okaxis,1384.72,Thiruvananthapuram,134755,0,
571,1,27,4,2025,Others,8410501667@okaxis,2135.42,Mysore,821770,0,
572,6,6,5,2025,Entertainment,9571433665@okhdfcbank,1925.55,Lucknow,149182,0,
573,5,15,12,2025,Utilities,8247818191@okhdfcbank,794.42,Ahmedabad,858800,0,
574,2,8,3,2025,Shopping,gcjknznv@okpaytm,2165.48,Ranchi,715445,0,
575,9,16,6,2025,Others,7274837229@okpaytm,1341.12,Vijayawada,644791,0,
576,20,12,4,2025,Food,sewxgwyu@okicici,1344.51,Kochi,844245,0,
577,4,13,11,2025,Shopping,9042613553@okpaytm,2384.97,Thiruvananthapuram,478932,0,
578,21,8,12,2025,Utilities,rrbjudj@okyesbank,1537.36,Pune,274919,0,
579,4,18,2,2025,Food,hgdjmi@oksbi,1839.4,Ahmedabad,246708,0,
580,0,17,3,2025,Food,7260194330@okyesbank,1360,Chennai,234279,0,
581,7,27,5,2025,Others,zhdxgzn@okaxis,2022.43,Amritsar,544262,0,
582,0,13,10,2025,Shopping,raxqtdd@okyesbank,2288.8,Mysore,261711,0,
583,8,27,8,2025,Shopping,9671649049@okhdfcbank,1460.22,Udaipur,191429,0,
584,10,22,2,2025,Others,7717996279@okkotak,1683.38,Kanpur,643530,0,
585,3,19,9,2025,Utilities,9518721806@okicici,1786.97,Surat,218354,0,
586,23,7,5,2025,Utilities,whazi@oksbi,2066.71,Visakhapatnam,677025,0,
587,23,1,10,2025,Food,7863177180@okkotak,2582.37,Lucknow,314778,0,
588,22,21,7,2025,Food,8430130854@okaxis,2242.38,Pune,647475,0,
589,13,1,3,2025,Food,xqatz@okkotak,2370.04,Pune,121345,0,
590,9,9,4,2025,Others,mjxqmfro@okicici,1467.43,Lucknow,746776,0,
591,2,20,12,2025,Others,mznwl@okkotak,1685.16,Mysore,786472,1,
592,13,22,9,2025,Utilities,srpwo@okkotak,2866.62,Goa,319079,0,
593,19,27,12,2025,Utilities,7103045521@okkotak,1752.6,Kochi,184775,0,
594,17,26,1,2025,Shopping,6482749293@okicici,652.63,Kolkata,779924,0,
595,17,2,11,2025,Others,8025455047@okaxis,2227.68,Kolkata,850773,0,
596,1,9,1,2025,Shopping,6263753231@okhdfcbank,97.66,Lucknow,161178,0,
597,16,6,10,2025,Food,9326599219@okaxis,3588.48,Kolkata,653492,0,
598,0,26,10,2025,Shopping,9960936178@okkotak,2555.55,Mysore,708773,0,
599,14,7,2,2025,Utilities,7642444798@okkotak,1220.06,Dehradun,318487,0,
600,18,6,1,2025,Shopping,6093821286@okhdfcbank,1586.69,Pune,329718,0,
601,5,6,4,2025,Transport,omewuh@okaxis,2518.43,Ranchi,613850,0,
602,11,12,8,2025,Shopping,6920729913@okpaytm,1800.95,Ahmedabad,277096,0,
603,14,6,12,2025,Shopping,phpiw@okyesbank,1692.2,Hyderabad,144532,0,
604,4,9,11,2025,Utilities,zabnqqp@okyesbank,2620.13,Surat,240012,0,
605,18,22,1,2025,Entertainment,9736604343@okpaytm,1503.84,Amritsar,588653,0,
606,9,7,9,2025,Food,9143856408@oksbi,1755.5,Delhi,500201,0,
607,9,1,11,2025,Shopping,ugpacyn@okpaytm,1417.94,Hyderabad,558023,0,
608,10,7,8,2025,Transport,9542378261@okpaytm,59.82,Mysore,347364,0,
609,16,9,8,2025,Shopping,fduct@okpaytm,1891.29,Noida,405521,0,
610,19,5,4,2025,Food,6967200065@oksbi,2254.02,Surat,698581,0,
611,10,27,7,2025,Utilities,7538696611@oksbi,1503.04,Ranchi,561466,0,
612,21,17,11,2025,Utilities,rwfrwykc@okicici,1983.48,Noida,530359,0,
613,3,16,9,2025,Shopping,8007464482@okyesbank,1568.27,Lucknow,560513,0,
614,5,20,8,2025,Food,7367620048@okhdfcbank,1769.63,Thiruvananthapuram,417034,1,
615,12,8,9,2025,Others,7989134671@okpaytm,2308.93,Noida,753039,0,
616,11,1,2,2025,Entertainment,fhgvozts@okyesbank,2674.86,Rajkot,540618,0,
617,18,17,10,2025,Entertainment,8014670861@okaxis,1850.55,Madurai,348058,0,
618,3,26,5,2025,Transport,6966401545@okhdfcbank,2306.05,Indore,799826,0,
619,22,14,4,2025,Food,6166956114@okyesbank,1656.97,Ranchi,473288,0,
620,11,11,7,2025,Food,ruans@okyesbank,2515.26,Gurgaon,825966,0,
621,4,15,6,2025,Shopping,axoowqdv@okpaytm,1973.16,Amritsar,847978,0,
622,0,8,8,2025,Utilities,8453688942@okyesbank,748.52,Amritsar,507874,0,
623,0,15,9,2025,Shopping,pdyffp@okhdfcbank,3063.12,Kanpur,697526,0,
624,10,6,4,2025,Utilities,fpkxw@okhdfcbank,1624.14,Jaipur,372234,0,
625,12,24,8,2025,Entertainment,iriiawic@okaxis,2808.05,Jaipur,751649,0,
626,14,28,11,2025,Transport,6228477643@okyesbank,1023.84,Delhi,758715,0,
627,20,28,9,2025,Food,ixtszgjs@okkotak,2067.26,Gurgaon,517589,0,
628,1,5,3,2025,Entertainment,8281857281@okyesbank,1989.58,Gurgaon,403919,0,
629,8,19,2,2025,Transport,gydtieef@okhdfcbank,1112.93,Bhopal,334375,0,
630,4,14,8,2025,Others,oxuqzq@okyesbank,1486.54,Hyderabad,848620,0,
631,13,18,12,2025,Entertainment,8611089623@okkotak,2539.49,Vijayawada,633437,0,
632,4,19,10,2025,Transport,6082884057@okpaytm,712.71,Indore,431131,1,
633,2,19,3,2025,Others,zrxea@oksbi,3692.66,Pune,586871,0,
634,23,26,8,2025,Shopping,squbj@okhdfcbank,2682.56,Kochi,401036,0,
635,10,11,9,2025,Shopping,9955765591@okhdfcbank,1654.05,Noida,793513,0,
636,7,15,11,2025,Food,7903477988@okaxis,1510.72,Kolkata,581106,0,
637,21,24,9,2025,Utilities,9390074296@okkotak,2948.3,Madurai,225218,0,
638,10,1,3,2025,Entertainment,xprqzlyp@oksbi,2072.17,Hyderabad,784571,0,
639,15,22,12,2025,Transport,6014327328@okaxis,1567.29,Kanpur,363843,0,
640,21,13,10,2025,Shopping,6163374252@okicici,4111.23,Madurai,565557,0,
641,11,25,2,2025,Utilities,9226642926@oksbi,2220.84,Varanasi,574110,0,
642,10,20,9,2025,Transport,6994015606@okpaytm,1715.34,Thiruvananthapuram,521401,0,
643,7,7,2,2025,Shopping,8319892318@okyesbank,785.51,Udaipur,165666,1,
644,4,16,5,2025,Shopping,9066531260@okpaytm,1823.2,Jaipur,572390,0,
645,19,18,7,2025,Entertainment,7154854597@okkotak,1246.82,Delhi,467554,0,
646,0,27,5,2025,Utilities,7486512379@okyesbank,2998.95,Visakhapatnam,678245,0,
647,13,23,12,2025,Entertainment,8543578054@okicici,1197.74,Visakhapatnam,727634,0,
648,8,9,6,2025,Transport,dxssvj@okaxis,1593.18,Mysore,559573,0,
649,22,6,10,2025,Transport,9357053141@okhdfcbank,2643.11,Mysore,665526,0,
650,20,17,2,2025,Transport,6361500882@okhdfcbank,2911.16,Chennai,833448,0,
651,18,15,10,2025,Others,6967746337@okicici,1689.94,Lucknow,336502,0,
652,4,18,6,2025,Entertainment,7935528539@okyesbank,1190.15,Kanpur,804547,0,
653,9,12,6,2025,Entertainment,8368790973@okpaytm,1286.95,Dehradun,474103,0,
654,10,11,3,2025,Entertainment,pvihthb@okkotak,1816.98,Goa,176660,0,
655,13,19,5,2025,Utilities,8027115307@okaxis,1863.07,Amritsar,532067,0,
656,22,20,5,2025,Transport,8048594896@okhdfcbank,2176.3,Varanasi,543393,0,
657,18,21,8,2025,Entertainment,ncxdm@okhdfcbank,2179.86,Madurai,149446,0,
658,11,12,12,2025,Shopping,amdyj@okicici,2565.17,Visakhapatnam,768120,0,
659,13,8,5,2025,Transport,7489354033@okhdfcbank,2143.04,Amritsar,170607,0,
660,3,27,12,2025,Entertainment,dyzyk@okhdfcbank,1823.61,Pune,852236,0,
661,5,25,7,2025,Entertainment,mpgxj@oksbi,3324.33,Rajkot,231126,0,
662,23,9,3,2025,Transport,7731741677@okicici,1329.37,Surat,745456,0,
663,19,4,9,2025,Utilities,8208005343@okpaytm,1111.55,Vijayawada,505614,0,
664,21,1,2,2025,Others,7493253275@okyesbank,2006.4,Chennai,351202,0,
665,0,13,2,2025,Utilities,sbikst@okyesbank,2139.57,Lucknow,425555,0,
666,12,10,10,2025,Others,6097953846@oksbi,1497.94,Kolkata,355070,0,
667,23,6,6,2025,Entertainment,8889540162@oksbi,2009.27,Mumbai,455849,0,
668,9,19,4,2025,Transport,dbcbakvg@okhdfcbank,2685,Varanasi,564968,0,
669,8,28,8,2025,Transport,7574892637@okaxis,1295.04,Kanpur,290765,0,
670,15,2,12,2025,Food,8047633238@oksbi,1547.11,Pune,260991,0,
671,22,14,6,2025,Food,apvsbogl@okaxis,2074.59,Pune,295271,0,
672,5,1,12,2025,Transport,9434401041@okkotak,3202.56,Bengaluru,579727,0,
673,14,1,2,2025,Entertainment,scphxggl@oksbi,898.66,Vijayawada,478796,0,
674,16,22,3,2025,Entertainment,ohlaweed@okpaytm,2150.21,Visakhapatnam,585074,0,
675,16,1,6,2025,Entertainment,9730552489@okyesbank,2703.11,Amritsar,295555,0,
676,7,10,11,2025,Transport,7345258546@okaxis,700.39,Hyderabad,641957,1,
677,10,21,11,2025,Food,7017308097@okhdfcbank,3003.54,Vijayawada,121118,0,
678,16,1,10,2025,Transport,gsklb@okaxis,2193.48,Rajkot,434719,0,
679,11,19,2,2025,Others,drwws@okicici,1331.53,Bhopal,110296,0,
680,11,19,8,2025,Transport,vhhpto@okhdfcbank,2033.21,Amritsar,242366,0,
681,21,5,8,2025,Utilities,oxbwktcg@okaxis,769.23,Bengaluru,476151,0,
682,20,7,7,2025,Utilities,zurru@okaxis,2526.27,Amritsar,384191,0,
683,2,17,8,2025,Food,8412043016@okkotak,1021.67,Visakhapatnam,642985,0,
684,0,22,5,2025,Shopping,sndto@okyesbank,1792.46,Mysore,148165,0,
685,11,7,1,2025,Food,7266835644@okaxis,732,Noida,344609,0,
686,19,17,12,2025,Utilities,8180077350@oksbi,1741.1,Mysore,488232,0,
687,0,10,6,2025,Others,qgeeu@okkotak,1333.62,Lucknow,570623,0,
688,2,2,6,2025,Others,7896963172@okaxis,3975.15,Mumbai,851485,0,
689,3,18,3,2025,Entertainment,ufapf@okaxis,287.41,Dehradun,270585,0,
690,3,26,3,2025,Shopping,rwack@okicici,1109.19,Jaipur,616558,0,
691,20,4,5,2025,Entertainment,7353409670@okicici,958.29,Amritsar,450108,0,
692,5,6,7,2025,Utilities,9710899755@okpaytm,2594.47,Vijayawada,267904,0,
693,10,19,5,2025,Entertainment,6076999412@oksbi,1975.31,Surat,749155,1,
694,12,2,6,2025,Food,8268931293@okpaytm,1799.79,Goa,227707,1,
695,20,18,7,2025,Shopping,7275739423@oksbi,2843.2,Amritsar,345516,0,
696,15,1,3,2025,Entertainment,qtpcnpfe@okaxis,1691.6,Chennai,760713,0,
697,15,19,8,2025,Others,7798465118@okhdfcbank,3178.89,Dehradun,209929,0,
698,18,1,11,2025,Transport,9864398706@okicici,3745.12,Lucknow,674479,0,
699,12,23,9,2025,Food,nsmque@okaxis,2179.89,Chennai,272930,0,
700,6,7,12,2025,Utilities,7306518064@okicici,3313.5,Varanasi,191898,0,
701,7,7,5,2025,Others,ozaqy@okhdfcbank,1396.96,Udaipur,830760,0,
702,20,28,4,2025,Shopping,9010793970@okkotak,2930.95,Lucknow,431501,0,
703,12,8,8,2025,Entertainment,9691270636@okkotak,2679.78,Chennai,399358,0,
704,2,5,1,2025,Food,9711127518@okyesbank,2915.55,Varanasi,838532,0,
705,13,28,7,2025,Transport,8244269130@okkotak,2683.18,Noida,378403,1,
706,20,10,7,2025,Shopping,9452177213@okyesbank,2410.67,Delhi,741042,0,
707,15,3,11,2025,Food,tcyasp@okkotak,3197.69,Jaipur,230444,0,
708,21,27,12,2025,Entertainment,7068411601@okyesbank,477.16,Noida,302007,0,
709,21,13,10,2025,Transport,8832019606@okpaytm,1767.73,Indore,423974,0,
710,12,11,9,2025,Others,8278004539@oksbi,1786.05,Bhopal,430528,0,
711,8,8,7,2025,Food,9274094317@okicici,2811.25,Goa,495559,0,
712,7,27,11,2025,Food,6961349140@okaxis,1522.91,Mysore,488558,0,
713,16,15,3,2025,Transport,walnv@okicici,1822.3,Amritsar,534517,0,
714,1,7,8,2025,Entertainment,xrtjrymp@okpaytm,1607.19,Varanasi,583885,0,
715,4,5,7,2025,Entertainment,7646951093@oksbi,1936.16,Ranchi,614816,0,
716,16,23,2,2025,Others,8230364001@okicici,2555.01,Kolkata,355746,0,
717,4,10,3,2025,Utilities,8391168938@okaxis,2155.94,Chennai,680399,0,
718,16,3,2,2025,Transport,7042415608@okkotak,2042.32,Madurai,250633,0,
719,18,1,5,2025,Others,7636669981@okicici,1925.46,Thiruvananthapuram,361239,0,
720,0,10,8,2025,Others,glcuy@oksbi,1491.02,Dehradun,345752,0,
721,11,12,10,2025,Shopping,6235357167@okpaytm,2572.64,Delhi,225781,0,
722,21,5,9,2025,Transport,6354212669@okkotak,3177.24,Delhi,661370,0,
723,18,28,10,2025,Transport,6609553136@okpaytm,2129.21,Delhi,492067,0,
724,23,27,6,2025,Others,qpgxk@okkotak,2251.41,Visakhapatnam,503462,0,
725,13,4,1,2025,Others,9778799741@okkotak,1775.9,Mysore,785411,0,
726,13,21,7,2025,Entertainment,8960330420@okyesbank,1368.98,Lucknow,274946,0,
727,10,20,11,2025,Shopping,6504489180@okicici,3395.2,Indore,231590,0,
728,10,9,4,2025,Utilities,7862749822@okkotak,2503.33,Amritsar,195230,0,
729,4,12,8,2025,Shopping,uhkuhys@okicici,2149.48,Rajkot,498248,0,
730,7,1,6,2025,Others,nakmxbjt@okkotak,1540.56,Bhopal,317601,0,
731,2,11,5,2025,Shopping,rcvsglcc@okpaytm,2823.37,Rajkot,770534,0,
732,22,15,2,2025,Others,6464743677@okicici,1389.79,Ranchi,235325,0,
733,0,14,9,2025,Transport,8140825435@okpaytm,398.64,Jaipur,188644,0,
734,1,9,8,2025,Utilities,vudlceyx@okicici,2153.76,Thiruvananthapuram,839355,0,
735,6,2,3,2025,Utilities,kypxu@okicici,2105.69,Kanpur,552600,0,
736,8,8,8,2025,Transport,8714824780@oksbi,2150.4,Kochi,614295,0,
737,0,4,9,2025,Entertainment,gfahawvj@okpaytm,997.11,Gurgaon,448549,1,
738,18,17,4,2025,Utilities,8800142164@okpaytm,3270.19,Mumbai,808457,0,
739,9,20,1,2025,Entertainment,8007708740@okhdfcbank,1321.6,Madurai,697848,0,
740,0,26,8,2025,Utilities,7229390414@okhdfcbank,3342.31,Thiruvananthapuram,216039,0,
741,21,20,10,2025,Utilities,9790494064@okaxis,1752.62,Gurgaon,474442,0,
742,0,15,9,2025,Entertainment,8773506468@okhdfcbank,2128.21,Chennai,240121,0,
743,23,13,7,2025,Food,bsfhta@okhdfcbank,2318.65,Bengaluru,287272,0,
744,17,7,6,2025,Entertainment,lkbcrew@okaxis,3582.37,Surat,637130,0,
745,23,13,3,2025,Utilities,fthvq@okpaytm,3464.82,Noida,415936,0,
746,12,15,5,2025,Shopping,kvnwkkf@okpaytm,1866.73,Pune,532312,0,
747,3,18,2,2025,Shopping,7549487500@okpaytm,1032.32,Dehradun,514222,0,
748,2,2,2,2025,Utilities,rwgxcxaw@okkotak,1299.31,Pune,600014,0,
749,21,4,8,2025,Others,6949252557@okaxis,2541.68,Madurai,537978,0,
750,15,16,5,2025,Entertainment,yzmmopy@okhdfcbank,2034.45,Noida,354682,0,
751,4,5,3,2025,Shopping,llyyn@okaxis,2019.93,Dehradun,164401,0,
752,5,14,1,2025,Transport,7249260103@okpaytm,2319.75,Surat,334747,0,
753,23,6,4,2025,Food,8493459877@okicici,2259.83,Pune,584367,0,
754,8,21,10,2025,Shopping,9294473075@okpaytm,2681.22,Noida,814693,0,
755,6,11,5,2025,Transport,8175178407@oksbi,1360.48,Rajkot,366862,0,
756,21,10,10,2025,Entertainment,pwazojfv@okaxis,2098.12,Lucknow,359291,0,
757,10,1,8,2025,Entertainment,saezl@okyesbank,2767.06,Thiruvananthapuram,808727,0,
758,21,21,2,2025,Utilities,itpnyos@okpaytm,3108.85,Varanasi,723960,0,
759,2,7,10,2025,Entertainment,rypfmce@oksbi,1025.95,Varanasi,128529,0,
760,3,7,1,2025,Utilities,9811492339@okpaytm,2503.45,Madurai,669348,0,
761,15,27,10,2025,Others,7990153217@oksbi,2313.61,Vijayawada,369053,0,
762,7,19,7,2025,Others,rxpqceem@okicici,1596.94,Hyderabad,705452,0,
763,23,19,10,2025,Others,6054005794@oksbi,1875.36,Dehradun,704136,0,
764,4,25,2,2025,Entertainment,7170798036@okkotak,1800.2,Udaipur,260569,0,
765,18,15,6,2025,Entertainment,iljoxiy@okpaytm,33.12,Dehradun,616005,0,
766,3,13,4,2025,Entertainment,ujqbcssl@okicici,1412.41,Kolkata,676444,0,
767,15,8,5,2025,Food,9698401679@okyesbank,2812.5,Ranchi,691438,0,
768,14,26,4,2025,Entertainment,ehkwzfi@okaxis,1345.58,Amritsar,749722,0,
769,1,6,8,2025,Entertainment,dulzfz@okyesbank,1374.15,Visakhapatnam,857325,0,
770,12,27,11,2025,Shopping,zcgssjy@okpaytm,562.29,Jaipur,264743,0,
771,13,6,10,2025,Others,9268125220@oksbi,178.37,Thiruvananthapuram,338302,0,
772,14,22,1,2025,Food,6963521631@oksbi,1942,Ranchi,311555,0,
773,4,7,8,2025,Shopping,bpsgf@okicici,2132.63,Noida,566300,0,
774,3,5,2,2025,Food,cscnv@okhdfcbank,2756.66,Lucknow,130719,0,
775,3,15,6,2025,Transport,6017274649@okicici,2275.06,Indore,494506,0,
776,18,1,12,2025,Transport,6586168723@okkotak,2333.2,Pune,431811,0,
777,10,19,12,2025,Entertainment,8070803575@okhdfcbank,1840.42,Hyderabad,385094,0,
778,1,10,2,2025,Food,9892788119@okicici,1512.8,Lucknow,781991,0,
779,1,12,9,2025,Entertainment,7483782105@oksbi,3184.28,Ranchi,133768,0,
780,0,18,9,2025,Shopping,9261642166@okyesbank,1960.11,Kolkata,362480,0,
781,6,19,2,2025,Transport,prwtrkpc@oksbi,1229.02,Bhopal,506680,0,
782,1,23,6,2025,Shopping,6549497363@okicici,1444.74,Nagpur,576576,0,
783,13,7,1,2025,Others,6578003767@okkotak,1924.77,Ahmedabad,150012,0,
784,4,16,4,2025,Utilities,ovxainmn@okaxis,1467.81,Ranchi,190694,0,
785,2,21,12,2025,Shopping,9853801318@okpaytm,2618.18,Chennai,689586,0,
786,2,21,6,2025,Shopping,7277149598@oksbi,1653.95,Delhi,731274,0,
787,7,2,8,2025,Others,gzfscj@oksbi,1605.51,Delhi,635982,0,
788,6,9,6,2025,Entertainment,6186742001@okaxis,1308.91,Delhi,527398,0,
789,21,4,8,2025,Entertainment,wlfnbk@okaxis,645.9,Nagpur,174411,0,
790,6,17,3,2025,Food,9890564383@okyesbank,1,Thiruvananthapuram,138144,1,
791,9,17,6,2025,Shopping,pjeuz@okicici,1459.3,Hyderabad,182664,0,
792,22,24,5,2025,Food,9317282642@okhdfcbank,2256.93,Gurgaon,727404,0,
793,2,20,12,2025,Entertainment,8495551721@okyesbank,2741.22,Lucknow,167207,0,
794,1,23,3,2025,Entertainment,8654393709@okhdfcbank,1053.23,Jaipur,230843,0,
795,22,23,1,2025,Food,9736502148@okicici,885.65,Chennai,285832,0,
796,14,4,4,2025,Entertainment,cfevw@okicici,1087.57,Amritsar,566170,0,
797,15,12,3,2025,Entertainment,vfoon@okaxis,1317.71,Bhopal,159104,0,
798,18,6,6,2025,Others,oqiwty@okkotak,256.19,Goa,332385,0,
799,10,20,5,2025,Utilities,9501495428@okkotak,755.6,Visakhapatnam,599458,0,
800,0,10,10,2025,Transport,7302970921@okhdfcbank,3922.71,Surat,707870,0,
801,16,7,1,2025,Entertainment,6594189351@okhdfcbank,2398.11,Pune,415665,0,
802,9,9,8,2025,Others,7277087347@okaxis,3408.88,Hyderabad,331987,0,
803,8,2,5,2025,Others,apauyulo@okyesbank,1915.89,Lucknow,580703,0,
804,5,17,6,2025,Shopping,ejixlzk@okkotak,1301.02,Jaipur,612427,0,
805,12,18,6,2025,Others,9706532873@oksbi,1245.79,Ahmedabad,157861,0,
806,13,5,1,2025,Others,abyhht@okkotak,1968.25,Udaipur,376311,0,
807,20,9,11,2025,Entertainment,7526493159@oksbi,692.18,Gurgaon,499509,0,
808,22,24,2,2025,Food,cimaamuo@okicici,1507.1,Mysore,323622,0,
809,19,7,4,2025,Food,6005553006@okaxis,2043.34,Kochi,835921,0,
810,16,16,8,2025,Entertainment,7576893478@okyesbank,1371.06,Vijayawada,224287,0,
811,2,23,6,2025,Utilities,6804737972@oksbi,228.98,Mysore,407480,0,
812,8,25,9,2025,Transport,9393986158@okicici,2415.38,Bhopal,628698,0,
813,16,26,8,2025,Transport,6121493564@okpaytm,1705.45,Pune,276483,0,
814,20,28,7,2025,Shopping,9239142002@okyesbank,2498.28,Delhi,824898,0,
815,10,16,10,2025,Food,yxrfsivi@okpaytm,2089.74,Ahmedabad,800644,0,
816,12,9,7,2025,Food,uqhptwda@okyesbank,519.9,Ahmedabad,676007,0,
817,11,8,1,2025,Utilities,8567019267@oksbi,1457.43,Kolkata,145436,0,
818,3,8,3,2025,Food,qihawcr@oksbi,1842.13,Hyderabad,357996,0,
819,14,23,9,2025,Others,9415978197@okyesbank,2611.99,Bengaluru,721403,0,
820,15,6,5,2025,Utilities,7222500397@okhdfcbank,2111.6,Dehradun,500241,0,
821,12,16,11,2025,Food,fxjmv@okpaytm,1120.05,Indore,656320,0,
822,8,26,5,2025,Others,qvwiojrk@okicici,1656.59,Udaipur,836782,0,
823,13,2,12,2025,Entertainment,mtqotnlf@okhdfcbank,3057.09,Madurai,207368,0,
824,22,19,1,2025,Transport,vccepy@okaxis,1873.84,Delhi,357745,0,
825,17,12,5,2025,Utilities,8843704813@okicici,2296.11,Delhi,383983,0,
826,21,14,8,2025,Shopping,unkcbd@okicici,1535.9,Mumbai,385655,0,
827,23,13,12,2025,Shopping,rigys@okyesbank,1430.47,Bengaluru,650369,0,
828,8,11,11,2025,Utilities,8121276277@okaxis,689.44,Goa,809106,0,
829,0,4,10,2025,Utilities,6631604488@oksbi,859.27,Mysore,309627,0,
830,22,18,11,2025,Utilities,6041555094@okkotak,1858.05,Ahmedabad,804145,0,
831,22,28,6,2025,Shopping,6502466778@okicici,2324.48,Kanpur,425935,1,
832,13,22,4,2025,Food,ydnab@okaxis,1977.57,Ranchi,851093,0,
833,10,6,5,2025,Utilities,9250549523@okhdfcbank,2720.77,Bhopal,453664,0,
834,19,19,9,2025,Shopping,fquwmfl@oksbi,1617.66,Mysore,363987,0,
835,0,18,11,2025,Others,6241371880@okkotak,2847.55,Indore,824620,0,
836,1,9,1,2025,Utilities,8800449896@okpaytm,2547.2,Ranchi,492125,1,
837,7,14,5,2025,Utilities,iltkn@okaxis,275.66,Noida,225625,0,
838,21,14,7,2025,Entertainment,7566020881@okicici,1793.16,Noida,580728,0,
839,17,6,6,2025,Food,7687012586@okaxis,1230.55,Kolkata,743927,0,
840,12,12,3,2025,Utilities,8797295170@okkotak,1824.23,Ranchi,249406,0,
841,6,10,11,2025,Utilities,zjicayn@okpaytm,1802.27,Rajkot,719600,0,
842,21,10,11,2025,Entertainment,7481767254@okkotak,608.2,Varanasi,810976,0,
843,5,16,1,2025,Others,zboqpebm@okhdfcbank,2561.05,Amritsar,714267,0,
844,7,26,3,2025,Utilities,agpvp@okicici,2377.08,Visakhapatnam,252379,0,
845,13,10,9,2025,Transport,6292651449@okaxis,3187.92,Indore,475171,0,
846,23,6,8,2025,Others,6165927090@okhdfcbank,2399.2,Thiruvananthapuram,674452,0,
847,17,9,7,2025,Food,hpnjdxyo@oksbi,1474.89,Mumbai,508320,0,
848,4,3,5,2025,Shopping,8629151250@okaxis,2144.08,Vijayawada,160360,0,
849,21,13,9,2025,Utilities,8551722545@okicici,3563.64,Thiruvananthapuram,534597,0,
850,8,5,7,2025,Transport,9194469131@okkotak,2370.78,Ahmedabad,347413,0,
851,20,4,5,2025,Food,7623459124@okpaytm,2391.05,Vijayawada,257993,0,
852,21,2,4,2025,Shopping,kagspyi@okpaytm,1249.99,Ranchi,829927,0,
853,18,2,8,2025,Others,7868834758@okaxis,1749.33,Ranchi,386999,0,
854,5,13,7,2025,Food,8903625380@oksbi,2292.73,Jaipur,167263,0,
855,8,6,5,2025,Utilities,bbgkdu@okkotak,1142.72,Kanpur,694240,0,
856,4,4,7,2025,Utilities,8017624602@okyesbank,2643.38,Visakhapatnam,285437,0,
857,22,27,7,2025,Entertainment,9126252648@okicici,2211.45,Amritsar,329488,0,
858,11,21,4,2025,Entertainment,9076364576@okhdfcbank,1325.53,Hyderabad,516714,0,
859,0,3,5,2025,Others,8655678095@okyesbank,1301.19,Madurai,326050,0,
860,8,26,9,2025,Entertainment,wgscy@okkotak,2562.84,Udaipur,140463,0,
861,4,23,3,2025,Entertainment,8872742608@okpaytm,2685.67,Madurai,331519,0,
862,4,14,8,2025,Entertainment,nszohawl@okkotak,1601.42,Noida,235065,0,
863,20,7,3,2025,Transport,9501304978@oksbi,3408.88,Ranchi,539826,0,
864,22,26,3,2025,Shopping,6500678687@okkotak,2286.75,Mysore,647344,0,
865,7,16,12,2025,Others,mdmdoi@okyesbank,1969.25,Lucknow,466081,0,
866,8,23,3,2025,Food,8089970413@okkotak,2233.41,Amritsar,143524,0,
867,4,19,4,2025,Entertainment,ebsuo@okpaytm,1730.46,Noida,437039,0,
868,6,27,7,2025,Shopping,7651909794@oksbi,533.39,Pune,614696,0,
869,17,21,11,2025,Food,esljxoq@okaxis,2613.82,Chennai,757513,0,
870,6,14,9,2025,Food,6332788854@okyesbank,1590.91,Delhi,676335,0,
871,22,3,1,2025,Food,9985097307@okpaytm,653.86,Indore,307057,0,
872,16,26,2,2025,Others,zmtfvevv@okaxis,1433.57,Udaipur,741914,0,
873,16,28,3,2025,Utilities,9522635765@okpaytm,881.98,Kolkata,724107,0,
874,1,1,9,2025,Utilities,8784744060@oksbi,2261.45,Chennai,124865,0,
875,1,25,5,2025,Utilities,7944899293@okhdfcbank,1825.56,Thiruvananthapuram,683067,0,
876,16,11,5,2025,Others,7984007312@oksbi,1800,Ranchi,839636,0,
877,12,6,4,2025,Entertainment,6792163943@okaxis,3839.6,Goa,796444,0,
878,15,27,1,2025,Shopping,ovtegcb@okyesbank,2129.56,Delhi,630771,0,
879,2,23,2,2025,Transport,6929375298@okhdfcbank,852.26,Goa,530094,0,
880,7,23,9,2025,Shopping,dtqcab@okhdfcbank,1876.63,Nagpur,346757,0,
881,14,16,2,2025,Food,gmtssr@okhdfcbank,1870.33,Bengaluru,215198,0,
882,2,3,11,2025,Transport,8789459520@okhdfcbank,873,Kochi,785501,0,
883,2,4,8,2025,Entertainment,8649639928@okicici,2096.19,Nagpur,296149,0,
884,15,15,12,2025,Shopping,plcwlw@okaxis,1716.74,Surat,838034,0,
885,14,9,1,2025,Shopping,ztenjte@okpaytm,2686.51,Ahmedabad,798262,0,
886,1,12,11,2025,Food,rgver@okkotak,3207.27,Gurgaon,360993,0,
887,18,26,6,2025,Utilities,appqa@okicici,2320.6,Lucknow,282408,0,
888,12,25,12,2025,Entertainment,8077099025@okyesbank,2483.78,Hyderabad,762683,0,
889,18,16,2,2025,Entertainment,aaczd@okaxis,1985.03,Indore,775794,0,
890,2,13,12,2025,Entertainment,9420638483@okpaytm,2402.91,Rajkot,490894,0,
891,18,23,3,2025,Others,vzvwpql@okyesbank,1713.28,Noida,835823,1,
892,22,13,5,2025,Utilities,ckmtgyqh@okicici,2670.46,Ranchi,397132,0,
893,21,10,4,2025,Others,6111867073@okyesbank,2731.63,Kochi,502422,0,
894,5,2,7,2025,Food,7585583457@okaxis,1030.2,Vijayawada,372575,0,
895,19,1,3,2025,Food,egeno@okaxis,1862.82,Kochi,629435,0,
896,16,9,11,2025,Transport,8718439581@oksbi,1445.2,Lucknow,459617,0,
897,1,22,10,2025,Entertainment,9319601858@okyesbank,1926.57,Mumbai,535086,0,
898,1,24,11,2025,Entertainment,8962131719@okhdfcbank,1882.27,Bhopal,454027,0,
899,23,7,9,2025,Utilities,9692827070@oksbi,3587.66,Kolkata,688032,0,
900,20,18,9,2025,Shopping,9424469020@okyesbank,207.6,Lucknow,776752,1,
901,22,7,3,2025,Shopping,9403180219@okhdfcbank,1204.48,Noida,239966,0,
902,15,28,6,2025,Food,8107799995@okkotak,1943.26,Rajkot,608165,0,
903,4,21,4,2025,Others,stmeo@oksbi,2600.61,Indore,263262,0,
904,0,18,6,2025,Others,9174553012@okicici,2311.9,Amritsar,611194,0,
905,5,19,3,2025,Entertainment,9783853860@okhdfcbank,3040.43,Udaipur,573033,0,
906,20,18,12,2025,Entertainment,7769707909@okhdfcbank,1865.32,Noida,834253,0,
907,3,9,5,2025,Shopping,lujff@okaxis,2728.14,Rajkot,114660,0,
908,1,22,10,2025,Entertainment,6674223108@okaxis,1,Delhi,868021,0,
909,0,22,8,2025,Entertainment,8337249833@okaxis,1327.13,Goa,773037,0,
910,7,10,3,2025,Transport,8814890017@okkotak,2002.04,Kanpur,486645,0,
911,8,5,3,2025,Entertainment,9033248909@okaxis,2233.27,Goa,175988,0,
912,14,22,4,2025,Utilities,8967272236@okpaytm,2595.45,Kolkata,859340,0,
913,13,21,3,2025,Entertainment,lnkqaqg@okyesbank,1041.4,Noida,381813,0,
914,5,14,8,2025,Shopping,hgeoumx@okpaytm,1896.95,Nagpur,759638,1,
915,12,8,3,2025,Food,7726088857@oksbi,1346.26,Lucknow,821238,0,
916,21,16,2,2025,Food,6351866776@okyesbank,2558.67,Varanasi,135986,0,
917,10,22,6,2025,Others,jhmvlgmc@okkotak,1708.05,Ahmedabad,237244,0,
918,8,22,7,2025,Food,8475991877@okaxis,2267.25,Delhi,799222,0,
919,11,13,6,2025,Entertainment,8680708803@okhdfcbank,1122.47,Goa,578689,0,
920,18,5,5,2025,Shopping,qcuejzk@okaxis,2165.56,Visakhapatnam,254458,0,
921,7,5,9,2025,Transport,8434385267@okpaytm,2827.2,Thiruvananthapuram,240849,0,
922,13,14,8,2025,Entertainment,6016890644@okhdfcbank,2181.21,Dehradun,704894,0,
923,21,11,9,2025,Utilities,7979561410@okaxis,2760.78,Kochi,634576,0,
924,15,27,5,2025,Food,ejtpoqtv@okicici,3195.91,Gurgaon,515016,0,
925,19,24,9,2025,Transport,6199548479@okkotak,1168.53,Nagpur,187325,0,
926,12,4,4,2025,Others,7947439991@okkotak,2874.58,Gurgaon,815783,0,
927,15,4,9,2025,Entertainment,efjzvv@okkotak,2359.88,Amritsar,414819,0,
928,3,16,11,2025,Transport,8493883159@okhdfcbank,2403.1,Udaipur,620146,0,
929,18,10,5,2025,Utilities,aufjv@okaxis,2852.28,Gurgaon,644129,0,
930,8,7,3,2025,Shopping,bhgbpoiy@okhdfcbank,1916.49,Surat,753841,0,
931,23,28,11,2025,Shopping,7738132719@okyesbank,2419.67,Dehradun,201953,0,
932,4,15,2,2025,Entertainment,9373858466@okaxis,309.35,Gurgaon,140353,0,
933,10,25,9,2025,Utilities,9973368157@okyesbank,1971.16,Surat,441308,0,
934,2,7,3,2025,Transport,6710441392@oksbi,2128.76,Madurai,573644,0,
935,19,18,8,2025,Food,ueosfd@okicici,2401.37,Jaipur,708248,0,
936,23,22,9,2025,Entertainment,uzooayi@okpaytm,554.16,Rajkot,113944,0,
937,2,8,1,2025,Food,irqpiczp@okicici,2967.94,Chennai,343424,0,
938,21,16,12,2025,Food,7109578285@okhdfcbank,2310.18,Kolkata,175784,0,
939,14,5,3,2025,Transport,idrfko@oksbi,1828.45,Madurai,197988,0,
940,22,9,7,2025,Utilities,7921441881@okicici,2883.87,Madurai,578122,0,
941,3,15,3,2025,Food,6627417939@okyesbank,1939.18,Nagpur,143050,0,
942,23,20,6,2025,Others,7388140036@okicici,2273.54,Surat,738626,0,
943,9,11,2,2025,Shopping,jcpzdwd@okicici,1312.55,Pune,219916,0,
944,11,14,12,2025,Entertainment,9465098408@oksbi,1733.88,Mumbai,698674,0,
945,5,17,8,2025,Shopping,noewp@oksbi,1517.02,Noida,839635,1,
946,7,18,12,2025,Others,daalmfy@okpaytm,1292.41,Madurai,354460,1,
947,9,11,9,2025,Shopping,9942548804@okhdfcbank,2622.11,Surat,239397,0,
948,11,5,7,2025,Utilities,6848896422@okpaytm,686.74,Nagpur,854677,0,
949,1,27,11,2025,Others,ymzbqrg@okaxis,1832.77,Mysore,403846,0,
950,15,12,4,2025,Shopping,8342996583@okyesbank,1736.25,Hyderabad,667421,0,
951,0,19,1,2025,Transport,otefdtjd@okaxis,2045.17,Nagpur,207674,0,
952,11,11,1,2025,Shopping,7165983375@okaxis,2119.15,Vijayawada,813701,0,
953,15,5,2,2025,Food,qpdan@okhdfcbank,1511.82,Vijayawada,640971,0,
954,23,12,5,2025,Entertainment,8707717541@okaxis,1891.02,Indore,588737,0,
955,21,22,5,2025,Transport,xngmm@okkotak,2814.18,Visakhapatnam,851287,0,
956,20,13,5,2025,Others,6251448213@oksbi,1854.78,Dehradun,833465,0,
957,6,26,2,2025,Transport,quictyx@oksbi,1956.06,Kochi,771629,0,
958,6,14,1,2025,Utilities,6807264315@oksbi,2466.06,Jaipur,172702,0,
959,23,6,9,2025,Transport,9156549769@oksbi,2541.18,Amritsar,203738,0,
960,3,11,2,2025,Food,6785383229@okkotak,1242.38,Nagpur,210191,0,
961,7,21,5,2025,Food,8487146531@okyesbank,2656.64,Lucknow,166000,0,
962,18,14,9,2025,Utilities,bzhky@okaxis,1248,Udaipur,819589,0,
963,23,3,1,2025,Others,6901217211@okkotak,3153.02,Lucknow,350014,0,
964,16,8,12,2025,Transport,8443663654@okkotak,2343.43,Noida,213850,0,
965,2,15,12,2025,Utilities,7431230284@okicici,1512.98,Indore,178761,0,
966,14,10,3,2025,Others,jolqkfj@okaxis,1414.72,Hyderabad,607333,0,
967,5,27,8,2025,Food,lxvdybci@okicici,1971.74,Gurgaon,311127,0,
968,11,5,7,2025,Others,jnvirmed@okicici,2281.2,Madurai,465133,0,
969,22,2,12,2025,Shopping,6844323299@okaxis,1277.57,Nagpur,237240,0,
970,12,14,4,2025,Entertainment,eyxvijlw@okaxis,1651.05,Madurai,246138,0,
971,10,5,4,2025,Food,xpbchuu@okaxis,2078.27,Pune,148782,0,
972,19,19,5,2025,Entertainment,uaodgwn@okyesbank,2280.07,Indore,453126,0,
973,0,22,10,2025,Utilities,gvbud@okpaytm,2734.79,Surat,267071,0,
974,16,2,3,2025,Others,6975862233@okyesbank,2746.1,Ranchi,504894,0,
975,0,10,3,2025,Entertainment,7687554030@oksbi,3813.08,Goa,768196,0,
976,12,18,10,2025,Utilities,iiesvas@okpaytm,2021,Noida,368270,0,
977,4,24,9,2025,Transport,eoskjl@okpaytm,1455.46,Kochi,830211,0,
978,17,4,5,2025,Others,6334984444@okicici,2334.82,Goa,360015,0,
979,19,17,6,2025,Utilities,7576885217@okyesbank,1594.38,Bhopal,415491,0,
980,20,14,7,2025,Utilities,9370669066@okaxis,2724.34,Pune,685465,0,
981,11,12,6,2025,Shopping,amsbptuh@okpaytm,2693.98,Jaipur,227005,0,
982,18,11,5,2025,Utilities,9361044034@okyesbank,1338.83,Surat,420301,0,
983,4,5,8,2025,Shopping,6586763454@oksbi,1517.01,Kochi,566611,0,
984,22,3,2,2025,Utilities,pifsj@okpaytm,2073.87,Hyderabad,571832,0,
985,21,1,12,2025,Shopping,7594939293@oksbi,1629.05,Ranchi,344912,0,
986,6,3,3,2025,Utilities,6424998872@okicici,1278.97,Goa,311335,0,
987,3,7,11,2025,Transport,ugrdcjz@okhdfcbank,1925.17,Noida,727556,0,
988,19,21,2,2025,Utilities,9384269369@oksbi,2231.95,Surat,789220,0,
989,12,21,10,2025,Food,klhnkyc@okicici,1573.17,Pune,837490,0,
990,11,18,12,2025,Food,opitev@okicici,1832.33,Ahmedabad,650136,0,
991,9,17,1,2025,Entertainment,8493587612@okhdfcbank,2321.61,Pune,761009,0,
992,15,16,6,2025,Others,ogkfne@okaxis,2133.86,Jaipur,518180,0,
993,17,2,5,2025,Transport,8628596256@oksbi,2681.4,Udaipur,238981,0,
994,9,21,1,2025,Others,8003760932@oksbi,3348.55,Pune,367160,0,
995,16,1,6,2025,Food,8020078412@okpaytm,3168.96,Ranchi,633261,0,
996,22,9,7,2025,Others,9328246131@okyesbank,1333.33,Hyderabad,211704,0,
997,16,28,5,2025,Others,9239647891@okkotak,1463.74,Lucknow,496110,0,
998,20,25,2,2025,Shopping,6395922816@oksbi,2550.43,Gurgaon,582270,1,
999,23,8,10,2025,Utilities,7453775346@okkotak,1679.43,Nagpur,519122,0,
1000,18,5,4,2025,Food,ubpmwi@okkotak,665.43,Mysore,537641,0,
1001,2,11,5,2025,Shopping,jpvzlao@oksbi,342.09,Chennai,623080,0,
1002,2,28,2,2025,Transport,7308988049@okhdfcbank,2669.18,Kanpur,175647,0,
1003,19,18,9,2025,Food,xpgtc@oksbi,2956.72,Pune,688605,0,
1004,1,28,10,2025,Entertainment,8728400196@okkotak,1957.17,Mumbai,553672,0,
1005,16,3,12,2025,Shopping,mivyvv@oksbi,3189.93,Bengaluru,185329,0,
1006,2,20,1,2025,Transport,gxxqdek@oksbi,3170,Pune,219657,0,
1007,0,5,1,2025,Shopping,nlfuvlmm@okkotak,1262.6,Varanasi,216831,0,
1008,4,14,11,2025,Entertainment,fkvvd@okyesbank,3678.48,Jaipur,702271,0,
1009,9,16,11,2025,Food,7164950701@okkotak,1650.48,Kochi,815245,0,
1010,7,26,12,2025,Utilities,pbuyiw@okicici,2275.05,Mumbai,348379,0,
1011,1,23,7,2025,Utilities,piroism@okkotak,2404.57,Chennai,837678,0,
1012,14,11,2,2025,Entertainment,6788039282@okkotak,2125.27,Bhopal,602297,0,
1013,16,22,6,2025,Shopping,7243870460@okkotak,2563.8,Dehradun,271777,0,
1014,13,18,3,2025,Entertainment,7439192439@okkotak,2724.71,Bhopal,491482,0,
1015,15,25,7,2025,Shopping,bqutwjo@okhdfcbank,2054.76,Indore,558430,0,
1016,19,11,8,2025,Shopping,6023624123@oksbi,2452.77,Ahmedabad,776863,0,
1017,13,27,1,2025,Food,6406209469@okkotak,30.04,Bhopal,825046,0,
1018,11,13,8,2025,Food,nnpkwwb@okaxis,2826,Jaipur,593494,0,
1019,10,15,10,2025,Transport,6734804747@oksbi,1502.99,Kolkata,800173,0,
1020,14,5,10,2025,Others,9103139394@okhdfcbank,1332.92,Gurgaon,429619,0,
1021,12,23,9,2025,Others,6971823177@oksbi,2007.18,Visakhapatnam,244096,0,
1022,2,4,7,2025,Food,baxyvkee@okyesbank,1691.18,Thiruvananthapuram,346981,0,
1023,2,7,1,2025,Food,6100811668@okyesbank,3005.09,Varanasi,153824,0,
1024,19,3,3,2025,Shopping,6259692269@okyesbank,1749.25,Chennai,114194,0,
1025,23,1,9,2025,Transport,vguatuc@okpaytm,1052.53,Bhopal,330110,0,
1026,17,16,2,2025,Utilities,tibqne@okaxis,1230.83,Nagpur,111024,0,
1027,10,23,5,2025,Utilities,zsfwqg@okhdfcbank,2916.13,Madurai,512025,0,
1028,3,5,5,2025,Food,ajjxdkw@okyesbank,2683.54,Mysore,446749,0,
1029,8,24,1,2025,Transport,8684349128@oksbi,1157.88,Jaipur,824710,0,
1030,16,25,3,2025,Utilities,qigts@okhdfcbank,2127.03,Nagpur,224144,0,
1031,11,5,5,2025,Others,spkur@okpaytm,3178.9,Mysore,629222,0,
1032,20,6,12,2025,Others,9757533447@okaxis,1491.99,Bhopal,756038,0,
1033,5,19,10,2025,Entertainment,9322871238@okicici,960.67,Nagpur,481753,0,
1034,5,22,12,2025,Others,hfmly@okyesbank,2220.11,Lucknow,763030,0,
1035,22,13,12,2025,Utilities,9258942237@okpaytm,1246.63,Hyderabad,235499,0,
1036,11,15,3,2025,Utilities,ssxzq@okpaytm,751.28,Rajkot,275213,0,
1037,15,1,9,2025,Utilities,7052285332@okaxis,3487.83,Bhopal,252232,0,
1038,9,18,2,2025,Shopping,7488911931@okkotak,1332.66,Lucknow,632831,0,
1039,20,13,2,2025,Food,9386119025@okkotak,1439.12,Hyderabad,850027,0,
1040,5,10,12,2025,Others,7499805155@okkotak,2109.73,Mumbai,224349,0,
1041,13,11,11,2025,Others,cxhxjkh@okpaytm,2201.37,Kochi,291875,0,
1042,10,16,1,2025,Transport,8427347100@okkotak,2612.29,Kanpur,325794,0,
1043,6,10,9,2025,Shopping,iujqfxok@okhdfcbank,2624.63,Lucknow,509386,0,
1044,13,5,9,2025,Utilities,6409474744@okaxis,871.75,Goa,136198,0,
1045,9,11,8,2025,Transport,9613856012@okhdfcbank,2944.32,Ranchi,452071,0,
1046,13,2,6,2025,Others,8416106230@okpaytm,1103.61,Pune,747986,0,
1047,14,18,5,2025,Others,bhdmjv@okyesbank,2086.71,Bhopal,229658,0,
1048,3,21,5,2025,Utilities,9192382125@oksbi,1539.58,Goa,534622,0,
1049,23,24,5,2025,Entertainment,8628812458@okhdfcbank,2952.41,Vijayawada,667712,0,
1050,5,1,12,2025,Shopping,vtqxameq@oksbi,3095.76,Bengaluru,575322,0,
1051,14,3,10,2025,Utilities,7675823266@okpaytm,2217.88,Bengaluru,495493,0,
1052,10,10,2,2025,Food,inalko@okhdfcbank,2597.07,Surat,559431,0,
1053,1,14,2,2025,Entertainment,9623930675@okicici,2384.12,Visakhapatnam,336304,0,
1054,8,27,8,2025,Transport,8924441332@okaxis,286.9,Visakhapatnam,518760,0,
1055,19,4,9,2025,Others,vakvx@okkotak,2330.23,Indore,788237,0,
1056,20,11,11,2025,Others,9020141417@okyesbank,1715.34,Bhopal,725786,0,
1057,5,15,10,2025,Others,7662941209@okaxis,2308.26,Vijayawada,610951,0,
1058,2,3,9,2025,Food,owtlzxiy@okyesbank,2459.93,Mysore,110767,0,
1059,5,9,4,2025,Utilities,rnpth@okaxis,2740.29,Hyderabad,284361,0,
1060,5,26,2,2025,Transport,7516014624@okaxis,2043.6,Bengaluru,531823,0,
1061,14,22,11,2025,Transport,7063930385@okicici,1350.34,Pune,205754,0,
1062,22,5,8,2025,Others,tdyvwkkx@okkotak,1747.73,Mysore,406588,0,
1063,23,11,4,2025,Shopping,syjnk@okaxis,398.81,Dehradun,675804,0,
1064,13,3,2,2025,Transport,6782443728@okyesbank,890.66,Delhi,786084,0,
1065,10,28,8,2025,Utilities,6484350329@okicici,3427.43,Vijayawada,255241,0,
1066,2,21,4,2025,Utilities,9155403646@okicici,2917.24,Bengaluru,263777,0,
1067,11,27,10,2025,Utilities,7619791250@okpaytm,310.9,Vijayawada,626512,0,
1068,16,1,8,2025,Others,8074966293@okicici,1795.22,Ahmedabad,269168,0,
1069,14,26,3,2025,Others,erdghlg@okkotak,997.39,Goa,599137,0,
1070,21,9,6,2025,Entertainment,oqnfkbw@okyesbank,2579.12,Mumbai,241974,0,
1071,1,24,8,2025,Entertainment,hfvkxji@okpaytm,1581.94,Chennai,668307,0,
1072,15,16,5,2025,Food,7709086122@okyesbank,3834.24,Thiruvananthapuram,213897,0,
1073,21,26,8,2025,Utilities,samykj@okicici,10000,Mumbai,331446,1,
1074,5,16,4,2025,Food,7575224768@okhdfcbank,2177.02,Dehradun,761384,0,
1075,17,24,8,2025,Utilities,6931954504@okhdfcbank,2000.26,Bhopal,401945,0,
1076,20,28,4,2025,Utilities,6369837984@okyesbank,1434.63,Varanasi,441252,0,
1077,5,11,12,2025,Others,xuwpgg@okicici,1559.56,Dehradun,174151,0,
1078,3,24,12,2025,Food,hspwv@okpaytm,2091.26,Surat,151285,0,
1079,17,4,3,2025,Transport,9063394864@okaxis,1575.85,Lucknow,837949,0,
1080,14,14,10,2025,Others,6945233701@okaxis,2169.29,Varanasi,574933,0,
1081,9,22,5,2025,Entertainment,nwjsobom@okaxis,1306.48,Kochi,254880,0,
1082,13,13,8,2025,Utilities,ihimefz@oksbi,2944.66,Gurgaon,208159,0,
1083,0,7,5,2025,Transport,6507829419@okicici,1552.9,Pune,450388,0,
1084,6,28,12,2025,Entertainment,7713042965@okicici,1701.51,Ahmedabad,852600,0,
1085,8,21,2,2025,Food,uzsvoy@okicici,1608.45,Surat,351133,0,
1086,23,14,10,2025,Food,7798947295@okhdfcbank,2152.77,Visakhapatnam,785960,0,
1087,1,25,5,2025,Food,6028344372@okaxis,2446.57,Mysore,397199,1,
1088,14,15,10,2025,Shopping,6936497340@okpaytm,2530.76,Vijayawada,512882,0,
1089,8,16,9,2025,Transport,7144235928@okpaytm,3341.92,Madurai,459736,0,
1090,21,23,2,2025,Utilities,vefklpf@oksbi,3071.11,Surat,122056,0,
1091,18,26,3,2025,Others,8467191270@okpaytm,2069.23,Noida,402166,0,
1092,15,11,3,2025,Shopping,9982063571@oksbi,2438.81,Kochi,516684,0,
1093,13,6,6,2025,Others,9982815788@okyesbank,1347.91,Kochi,143414,0,
1094,12,8,2,2025,Food,xgqpand@okyesbank,1470.2,Bengaluru,383860,0,
1095,3,8,12,2025,Entertainment,hecpauls@okicici,3165.13,Chennai,192827,0,
1096,11,21,4,2025,Utilities,dukceie@okyesbank,662.2,Kanpur,359697,0,
1097,18,26,11,2025,Shopping,8898096332@okhdfcbank,2686.59,Amritsar,569096,0,
1098,10,13,8,2025,Utilities,9019682544@okhdfcbank,2500.97,Varanasi,638853,0,
1099,23,6,12,2025,Transport,urjyj@okpaytm,3422.81,Udaipur,477436,0,
1100,3,16,4,2025,Transport,9864173712@okicici,795.55,Ahmedabad,167390,0,
1101,15,9,10,2025,Utilities,6001549857@oksbi,2928.48,Dehradun,653776,0,
1102,11,1,10,2025,Utilities,cabvlwr@okyesbank,895.35,Vijayawada,603311,0,
1103,18,23,2,2025,Food,7846893651@oksbi,2617.05,Madurai,707970,0,
1104,23,21,8,2025,Others,itmkl@okpaytm,1965.6,Udaipur,792825,0,
1105,6,3,4,2025,Food,phrmxumf@okicici,2630.67,Ranchi,429668,0,
1106,1,24,6,2025,Entertainment,8921112610@okaxis,2616.96,Madurai,626765,0,
1107,17,18,3,2025,Entertainment,zfiai@oksbi,1358.98,Indore,262074,0,
1108,18,15,1,2025,Utilities,7862593200@okkotak,2566.05,Nagpur,123576,0,
1109,3,3,4,2025,Others,8298695806@okicici,1721.54,Amritsar,676595,0,
1110,16,24,3,2025,Entertainment,7871021882@okhdfcbank,4000,Ranchi,456960,1,
1111,18,18,6,2025,Shopping,7019156941@oksbi,2659.99,Kochi,706525,0,
1112,10,22,12,2025,Utilities,9958646175@oksbi,2043.33,Udaipur,608433,0,
1113,21,1,9,2025,Food,6880109383@okyesbank,3390.89,Vijayawada,813582,0,
1114,10,1,2,2025,Shopping,cgqovv@okaxis,1903.98,Varanasi,270743,0,
1115,1,7,11,2025,Food,umdhxvbj@okaxis,2914.42,Kanpur,604423,0,
1116,1,24,7,2025,Entertainment,pgvgv@okhdfcbank,1425.67,Ranchi,270100,0,
1117,17,21,6,2025,Shopping,7010213946@okhdfcbank,1793.19,Hyderabad,307735,0,
1118,22,21,8,2025,Food,elzbbdyg@okhdfcbank,2075.67,Hyderabad,644585,0,
1119,23,19,9,2025,Utilities,9001360402@okaxis,1594.4,Pune,254155,0,
1120,10,28,3,2025,Utilities,rxjdgypd@okaxis,686.05,Bhopal,492003,0,
1121,5,22,5,2025,Utilities,6403015754@oksbi,2659.3,Amritsar,539652,0,
1122,18,10,3,2025,Transport,8051872767@okpaytm,1837.04,Kanpur,343750,0,
1123,12,26,4,2025,Utilities,6553434731@okpaytm,1752.72,Mysore,176609,0,
1124,2,24,4,2025,Transport,9638506750@okpaytm,1525.3,Ahmedabad,855432,0,
1125,11,23,7,2025,Transport,ogqftzs@okhdfcbank,1872.33,Indore,815748,0,
1126,6,19,7,2025,Transport,7667928505@okaxis,2369.84,Varanasi,704317,0,
1127,0,10,1,2025,Utilities,qjktfdjj@okhdfcbank,860.36,Chennai,614695,0,
1128,16,19,11,2025,Utilities,9525201465@okyesbank,1819.16,Ahmedabad,389570,0,
1129,21,11,9,2025,Transport,9802504835@okkotak,2465.33,Hyderabad,626995,0,
1130,8,19,9,2025,Shopping,6244427147@okhdfcbank,1137.69,Vijayawada,841047,1,
1131,17,21,2,2025,Others,vpgktz@okkotak,2762.73,Visakhapatnam,573185,1,
1132,5,26,4,2025,Others,yefooizp@okkotak,3281.37,Kanpur,222001,0,
1133,0,18,10,2025,Utilities,6971528466@okhdfcbank,1239.5,Madurai,586015,0,
1134,2,24,2,2025,Entertainment,9398409597@okaxis,2110.12,Jaipur,257047,0,
1135,21,2,4,2025,Transport,9011997390@okaxis,8000,Goa,694630,1,
1136,16,27,4,2025,Transport,9723012708@okkotak,2053.12,Kochi,332640,0,
1137,18,13,9,2025,Shopping,luoyvnze@oksbi,1625.62,Bengaluru,758051,0,
1138,8,16,12,2025,Utilities,6357706851@okicici,2679.25,Vijayawada,729488,0,
1139,20,16,9,2025,Shopping,9813129583@okyesbank,2174.64,Hyderabad,293805,0,
1140,10,16,5,2025,Others,9400339622@okicici,1898.72,Delhi,261395,0,
1141,4,8,9,2025,Others,8123150516@okkotak,2126.66,Visakhapatnam,371808,0,
1142,2,10,7,2025,Food,8076782416@okyesbank,2277.93,Jaipur,764374,0,
1143,0,2,3,2025,Shopping,7975172275@oksbi,1976.54,Thiruvananthapuram,287665,0,
1144,5,20,2,2025,Entertainment,iloibdqw@okhdfcbank,2578.56,Delhi,676403,0,
1145,21,22,7,2025,Utilities,8875705892@oksbi,1880.47,Noida,668587,0,
1146,13,3,9,2025,Shopping,9975363005@oksbi,1591.71,Nagpur,569158,1,
1147,16,15,1,2025,Entertainment,xnxittrq@okyesbank,2253.62,Mumbai,345672,0,
1148,22,25,11,2025,Others,ztsglmpx@okaxis,1630.89,Kanpur,649084,0,
1149,20,13,10,2025,Entertainment,7711898761@oksbi,3410.23,Jaipur,199378,0,
1150,14,5,2,2025,Food,pdknvh@okhdfcbank,1825.77,Delhi,612177,0,
1151,20,25,9,2025,Transport,8159677107@okyesbank,2227.46,Indore,801243,1,
1152,21,16,1,2025,Utilities,8375301188@okaxis,1010.83,Dehradun,714635,0,
1153,11,21,1,2025,Shopping,7635615506@okkotak,2409.2,Ranchi,495771,0,
1154,17,10,6,2025,Utilities,8212583784@okaxis,394.33,Rajkot,784699,0,
1155,9,21,3,2025,Shopping,vkgxn@oksbi,2395.43,Mysore,701946,0,
1156,8,13,11,2025,Shopping,biwilbap@okhdfcbank,2878.43,Hyderabad,218302,0,
1157,20,8,4,2025,Transport,6791487789@okyesbank,2717.4,Amritsar,164434,1,
1158,16,15,1,2025,Utilities,wilvo@okicici,619.69,Amritsar,442437,0,
1159,7,16,10,2025,Others,6866806372@okyesbank,2772.74,Ranchi,548784,0,
1160,13,14,10,2025,Others,7892014378@okicici,1770.13,Varanasi,599616,0,
1161,1,10,1,2025,Transport,8103806510@okpaytm,2570.33,Jaipur,723928,0,
1162,5,5,2,2025,Transport,gexpi@okhdfcbank,758.33,Mysore,290325,0,
1163,23,22,3,2025,Others,ypxebi@okhdfcbank,2683.48,Lucknow,315377,0,
1164,17,22,11,2025,Shopping,jvcvnd@okyesbank,2850.2,Lucknow,483886,0,
1165,18,3,10,2025,Food,8623720390@oksbi,3010.33,Madurai,587647,0,
1166,17,26,4,2025,Utilities,fzsnmia@okyesbank,2547.88,Varanasi,670347,0,
1167,6,7,5,2025,Utilities,pynlc@oksbi,1112.71,Thiruvananthapuram,862331,0,
1168,23,5,7,2025,Food,8510866496@oksbi,1616,Vijayawada,258294,0,
1169,9,8,8,2025,Transport,6929980939@oksbi,2297.94,Delhi,198634,0,
1170,22,2,9,2025,Utilities,7233931552@okhdfcbank,698.36,Udaipur,152708,0,
1171,18,23,11,2025,Entertainment,qvnvhbvn@okkotak,3122.52,Varanasi,319305,0,
1172,5,14,12,2025,Utilities,uxktw@okhdfcbank,295.26,Mysore,392557,0,
1173,17,22,7,2025,Utilities,wvgiktv@okhdfcbank,1107.37,Nagpur,444070,0,
1174,1,13,8,2025,Transport,veiongm@oksbi,1974.77,Hyderabad,522645,0,
1175,14,22,8,2025,Entertainment,dashd@okicici,2615.73,Ranchi,357051,0,
1176,9,25,5,2025,Utilities,hzoeu@okhdfcbank,2766.78,Kanpur,361896,0,
1177,18,10,7,2025,Others,8651259815@okaxis,1250.29,Mysore,616657,0,
1178,14,20,10,2025,Transport,crxvh@okpaytm,1461.37,Thiruvananthapuram,757835,0,
1179,19,24,11,2025,Food,9046572357@oksbi,1324.58,Rajkot,533533,0,
1180,11,15,8,2025,Others,8408204205@okkotak,2467.29,Ranchi,151297,0,
1181,1,3,1,2025,Entertainment,pgajn@okicici,2182.93,Amritsar,264229,0,
1182,8,16,2,2025,Transport,8177787830@okicici,2507.2,Pune,437278,1,
1183,19,14,9,2025,Utilities,7571263590@okkotak,1159.53,Kochi,399635,0,
1184,4,12,7,2025,Entertainment,pfiwak@okicici,2081.47,Vijayawada,554018,0,
1185,23,3,3,2025,Utilities,9803492814@okkotak,1175.26,Bengaluru,522533,0,
1186,23,7,12,2025,Shopping,zgepta@okyesbank,2937.35,Pune,219920,0,
1187,6,4,3,2025,Others,gzonnab@okicici,1629.36,Gurgaon,378004,0,
1188,13,27,8,2025,Others,iejbmqn@okkotak,1364.03,Pune,679451,0,
1189,21,3,6,2025,Others,phsobr@oksbi,3000,Thiruvananthapuram,256035,1,
1190,19,22,6,2025,Utilities,qagvwk@okpaytm,2371.33,Nagpur,795314,0,
1191,22,14,8,2025,Shopping,fsgzl@okaxis,3313.89,Ranchi,270781,0,
1192,13,19,3,2025,Food,6436076998@okaxis,1063.44,Bhopal,206221,0,
1193,5,24,2,2025,Shopping,lptudd@okaxis,2130.37,Kochi,851652,0,
1194,5,1,12,2025,Transport,9760001897@okkotak,2895.94,Jaipur,786571,0,
1195,22,3,12,2025,Food,rmosh@okyesbank,200000,Kochi,163009,1,
1196,7,7,8,2025,Others,qqixyhcz@okhdfcbank,2041.24,Varanasi,670448,0,
1197,13,19,11,2025,Others,7487040406@okaxis,1736.01,Visakhapatnam,659711,1,
1198,12,6,4,2025,Shopping,9103088065@okaxis,1726.6,Pune,453700,0,
1199,8,22,2,2025,Others,9148992721@okyesbank,1235.6,Surat,394812,0,
1200,18,21,11,2025,Transport,9199603344@okaxis,1382.06,Kanpur,304684,0,
